Country,Director,Studio,Release Year,Release month,Release day,is_holiday,Duration_Minutes,movie_category
China,Frankie Chung,Pearl River Film Group Guangzhou Baitian Information Technology Toonmax Media Talent Manufacture Meiya Media Hongtu Guanghe Film Investment Fund [ 21 ],2015,7,23,False,92.0,long
South Korea,Kim Hyun-ho Yoon Je-wan,,2017,12,7,True,78.0,standart
Germany,"Ute von Münchow-Pohl [ fr ] , Sandor Jesse",Studio 88,2012,9,6,False,78.0,standart
China,He Cheng,"Luming Pictures Zhong Yang Television Station Yang Shi Dong Hua China Radio, Film & TV Programs Exchanging Center Beijing E Xi E Entertainment Production Xi'an Qujiang Film&TV Investment Group Heyi Information Technology (Beijing) [ 131 ] China Film Group Corporation Beijing E Xi E Entertainment Production Wuzhou Film Distribution Eastern Mordor Sihai Distribution Association Beijing Weiying Shidai Technology Tianjin Maoyan Media Xi'an Qujiang Film&TV Investment Group [ 131 ]",2016,8,19,False,85.0,standart
Nigeria,Adebisi Adetayo,Hot Ticket Productions,2020,12,11,True,80.0,standart
Japan,"Hiromasa Yonebayashi , Yoshiyuki Momose , Akihiko Yamashita",Studio Ponoc,2018,8,24,False,53.0,standart
Japan,Ryōtarō Makihara,Pony Canyon Production I.G. Wit Studio Shochiku,2013,6,8,False,60.0,standart
Russia,Roman Artemyev,KinoAtis CTB Film Company,2022,6,9,False,76.0,standart
China,Amp Wong,Light Chaser Animation Studios Warner Bros.,2019,1,11,False,99.0,long
Italy,Iginio Straffi,Rainbow SpA ( ViacomCBS ),2014,9,4,False,82.0,standart
United Kingdom,Ben Smith,Head Gear Films,2019,12,6,True,90.0,standart
Japan,Jun Nakagawa,Geek Toys,2020,8,14,False,24.0,short
France Australia Ireland,Luc Vinciguerra,"Gaumont-Alphanim, Avrill Stark Entertainment",2010,11,24,True,77.0,standart
United States Denmark,Howard E. Baker,Threshold Animation Studios Tinseltown Toons,2010,2,23,False,82.0,standart
South Korea,Byun Young-kyu,"CJ ENM , Studio BAZOOKA",2019,12,19,True,97.0,long
Indonesia,Faza Meonk,Falcon Pictures,2017,12,28,True,110.0,long
United States,Sean Charmatz,Netflix DreamWorks Animation,2024,2,2,False,93.0,long
Japan,Hiroshi Ikehata,Production I.G,2020,10,2,False,90.0,standart
Japan,Tatsuya Oishi,Shaft,2024,1,12,False,144.0,long
United States Japan,"Gregory Snegoff , Katsuhisa Yamada",Harmony Gold USA,2013,7,23,False,90.0,standart
China,Ge Haitao,"Anhui Film Group Anhui Tongren Media Co., Ltd",2014,10,3,False,80.0,standart
Russia,Denis Chernov,Petersburg Animation Studio,2017,3,17,False,79.0,standart
Japan,Nobuyoshi Habara,Xebec,2017,2,25,False,,
Japan,Shinsuke Yanagi Kenta Ōnishi In Seob Choi Keisuke Aida Zi Hao Xuan,Project No.9,2025,2,14,False,82.0,standart
Russia Czech Republic Belgium,Martin Kotík Inna Evlannikova,KinoAtis Rolling Pictures Grid Animation,2017,8,31,False,86.0,standart
China,,,2013,12,27,True,,
Malaysia,Goh Aun Hoe,Silver Ant,2011,10,7,False,93.0,long
Japan,,Toei Animation,2012,3,17,False,70.0,standart
Russia,Viktor Glukhushin,Animation Studio Skazka CTB Film Company,2025,5,1,False,90.0,standart
Japan,Baku Kinoshita,CLAP,2025,10,10,False,90.0,standart
China,James Hol,,2014,5,30,False,80.0,standart
Germany,"Reinhard Klooss, Holger Tappe",Constantin Film,2010,10,7,False,93.0,long
South Korea,Kim Da-hee,Studio N Locus Animation,2024,4,3,False,93.0,long
Japan,Tomoka Nagaoka,TMS Entertainment,2019,4,12,False,109.0,long
Japan,Yasuhiro Yoshiura,J.C.Staff,2021,10,29,False,108.0,long
Malaysia,Usamah Zaid Yasin,WAU Animation Komet Productions,2025,5,22,False,115.0,long
Japan,Kanji Wakabayashi,White Fox,2013,4,20,False,90.0,standart
Spain,Juan Bautista Berasategi,Lotura Films,2012,1,1,False,,
United States,Darrell Van Citters,Renegade Animation,2011,10,11,False,41.0,short
Germany,Thomas Bodenstein Marcus Hamann,,2017,1,19,False,87.0,standart
Russia,"Elena Chernova, Alex Kotyonochkin",Argus,2012,1,1,False,9.0,short
United States,Spike Brandt Tony Cervone,Turner Entertainment Co. Warner Bros. Animation,2013,8,6,False,57.0,standart
China,Gary Wang,Light Chaser Animation Studios,2018,4,5,False,105.0,long
Japan,Akiyo Ohashi,Studio Hibari,2020,9,11,False,59.0,standart
United States,Anne O'Brian,Disney Television Animation,2024,6,6,False,82.0,standart
China,Liu Kexin,,2012,7,5,False,95.0,long
Japan,Kaori Makita,GRIZZLY,2020,2,15,False,85.0,standart
Japan,Kenji Yasuda,Satelight Staple Entertainment,2021,10,8,False,97.0,long
Australia,Bruce Kane Patrick Crawley,Bogan Entertainment,2012,12,16,True,70.0,standart
Japan,Noriaki Akitaya Tomohisa Taguchi [ # 1 ],AIC ASTA,2013,11,23,True,91.0,long
Australia,Deane Taylor,Flying Bark Productions Telegael Screen Australia Studio 100 Animation Screen NSW Lusomundo StudioCanal,2015,9,17,False,93.0,long
United States,Jimmy ScreamerClauz,"Chainsaw Kiss, Draconian Films",2012,2,21,False,95.0,long
China,Kerr Xu,Hippo Animation,2013,1,19,False,90.0,standart
Japan,Hiroaki Ando,Polygon Pictures,2016,5,6,False,106.0,long
Germany,Thomas Bodenstein,,2013,1,10,False,84.0,standart
Japan,Takahiro Okawa,BN Pictures Syn Sophia Takara Tomy Arts,2025,10,10,False,,
India,Harry Baweja,Baweja Movies Irealities Technology,2016,11,11,True,134.0,long
Turkey,Mahmut Hasan,9D Medya,2025,3,28,False,89.0,standart
United States,Richard Rich,Assemblage Entertainment Sony Wonder,2020,8,4,False,83.0,standart
Costa Rica,Daniel Bermejo / Bruce Callow,Synchro Films,2012,1,1,False,12.0,short
Japan,Jun Takagi [ ja ],Nippon Animation,2015,12,23,True,94.0,long
United States,Amanda Strong,Atomic Cartoons,2023,12,26,True,45.0,short
Japan,Tetsurō Araki,Wit Studio,2017,1,7,False,104.0,long
Sweden,Patrik Forsberg,Stiller Studios Qvisten Animation SF Studios Sveriges Television,2025,12,25,True,91.0,long
India,Ruchi Narain,R.A.T Films Percept Picture Company,2017,6,2,False,105.0,long
Mexico,Eric Cabello,Ánima Estudios,2020,11,12,True,86.0,standart
United States,Ron Myrick,Chris D'Angelo Productions LeapFrog Lionsgate,2012,1,31,False,36.0,short
Mexico,Gabriel Riva Palacio Alatriste Rodolfo Riva Palacio Alatriste,Huevocartoon Producciones,2022,12,14,True,91.0,long
Japan,Kunihiko Yuyama,"OLM, Inc. , Shogakukan-Shueisha Productions",2015,7,18,False,78.0,standart
Japan,Atsushi Takahashi,Toho,2017,3,4,False,101.0,long
Belgium France,"Ben Stassen, Jérémie Degruson","nWave Digital , StudioCanal",2013,12,25,True,85.0,standart
Sweden,Christian Ryltenius,Nordisk Film,2021,12,22,True,70.0,standart
Spain,Joseba Ponce Imanol Zinkunegi Joe Lewis,Jarraituz Filmak AIE Lotura Films,2022,4,8,False,70.0,standart
Kenyan,Andrew Kaggia,Afrikana Digital,2022,11,24,True,88.0,standart
India United States,"Jun Falkenstein , Kevin Johnson",DQ Entertainment,2014,1,26,False,64.0,standart
United States,Cora Clifford,,2013,12,9,True,78.0,standart
Japan,Kenji Nagasaki,Bones,2021,8,6,False,105.0,long
Denmark,Karla Nor Holmbäck,A. Film Production Dansk Tegnefilm Nordisk Film & TV-Fond The Danish Film Institute Archive,2023,2,9,False,75.0,standart
Japan,Popreq,Hurray! 100studio,2024,6,14,False,68.0,standart
Japan,Akira Shigino,Shin-Ei Animation,2010,4,17,False,100.0,long
Japan,Keiichi Hara,Production I.G,2015,5,9,False,90.0,standart
Japan,Hiroshi Miyamoto,Toei Animation,2017,3,18,False,71.0,standart
Japan,Mari Okada,MAPPA,2023,9,15,False,111.0,long
Japan,Takayuki Kitagawa,LandQ Studios,2021,2,26,False,77.0,standart
United States,Robert Fernandez,Cat In The Mill Studio,2019,4,18,False,113.0,long
Saudi Arabia,Malik Nejer,Myrkott Animation Studio Sirb Productions Netflix,2025,6,12,False,72.0,standart
United States,Karen J. Lloyd,Mainframe Studios Mattel Television,2025,3,6,False,60.0,standart
Japan,Shinichiro Ueda,TIA,2021,7,9,False,62.0,standart
United States,Pierre Perifel,Universal Pictures DreamWorks Animation,2022,4,22,False,100.0,long
China,"Wang Genfa, Zhang Zhenhui","Shanghai Animation Film Studio , Shanghai Film Group Corporation",2010,5,1,False,80.0,standart
China,MTJJ Gu Jie,HMCH [ 231 ],2025,7,18,False,120.0,long
Russia,Vladimir Sakov,Art Pictures Studio Glukoza Production Films based on Baba Yaga,2018,11,8,True,63.0,standart
Japan,Shigeru Morikawa,Sanzigen,2023,3,24,False,64.0,standart
Spain,Juan Bautista Berasategi,Lotura Films,2017,6,2,False,64.0,standart
China,Zhigang Yang (Busifan),Beijing Enlight Media Co. Horgos Coloroom Pictures Tianjin Niceboat Culture Communication,2017,7,13,False,95.0,long
Japan,Seiji Mizushima,Toei Animation Graphinica,2014,11,15,True,104.0,long
China,Ding Liang,Le vision pictures,2017,1,28,False,89.0,standart
Japan,Wataru Takahashi,Shin-Ei Animation,2016,4,16,False,96.0,long
United States,Ant Ward Andy Suriano,Netflix Nickelodeon Movies New Republic Pictures,2022,8,5,False,82.0,standart
Russia,Darina Schmidt Konstantin Feoktistov,Melnitsa Animation Studio CTB Film Company,2020,12,31,True,77.0,standart
China,Guanghua Yao,,2015,8,28,False,83.0,standart
United States,Spike Brandt,Warner Bros. Animation Hanna-Barbera,2010,2,16,False,75.0,standart
Japan,Akitaro Daichi,Gallop,2025,4,18,False,64.0,standart
South Korea,Youngkyun Park,,2022,12,1,True,62.0,standart
Japan,Chiaki Kon,Toei Animation,2014,10,11,False,71.0,standart
Japan,Takahiko Kyōgoku,Sunrise,2015,6,13,False,99.0,long
China,Chang Guang Xi Peng Fei,,2016,2,19,False,87.0,standart
Japan,Kō Nakano,KaKa Technology Studio,2025,3,28,False,24.0,short
China,Liu Pan,,2016,1,24,False,,
Russia,Vasiliy Rovenskiy,Licensing Brands Cinema Fund,2020,12,3,True,83.0,standart
Japan,Tetsuya Yanagisawa,Qualia Animation,2016,4,23,False,63.0,standart
Russia,Konstantin Feoktistov,Melnitsa Animation Studio,2012,12,27,True,65.0,standart
Japan,Toshiyuki Kubooka,Studio 4°C,2012,6,23,False,98.0,long
South Korea,Kim Byung-gab,"CJ ENM , Studio BAZOOKA",2018,7,25,False,68.0,standart
Japan,Kotono Watanabe,Madhouse,2023,1,27,False,117.0,long
Germany China United Kingdom,Reinhard Klooss,Joyhil Media And Culture Screencraft Entertainment Timeless Films Eurosino Entertainment GmbH China Film Group Fish Blowing Bubbles PlayArte Pictures,2019,11,8,True,92.0,long
Japan,Keiichi Hara,Fuji TV Dentsu Aniplex,2019,4,26,False,115.0,long
Spain,Virginia Curiá,"Latido Films, Moonbite Studios, Santisound",2015,9,15,False,79.0,standart
China,Jianping Li Xiangnong Chen Cheng He Xia Han,China Film Animation Co Ltd. Huaxia Film Distribution Co Ltd.,2020,10,23,False,,
Japan,Kunihiko Yuyama Mikinori Sakakibara,"Sprite Animation Studios OLM, Inc. OLM Digital",2016,8,6,False,90.0,standart
Japan,Ayataka Tanemura,Pierrot Netflix,2023,6,16,False,110.0,long
United States,Spike Brandt Tony Cervone,Warner Bros. Animation Turner Entertainment Hanna-Barbera,2016,6,21,False,81.0,standart
Japan,Jun Kawagoe,,2014,7,5,False,45.0,short
Canada,Sean Patrick O'Reilly,Arcana Studio,2018,12,4,True,75.0,standart
Japan,Goro Taniguchi,Sunrise,2019,2,9,False,114.0,long
United States,Tony Cervone,Warner Bros. Warner Animation Group Hanna-Barbera,2020,5,15,False,94.0,long
Brazil,Marcelo Fabri Marão,Boulevard Filmes Marão Filmes,2024,1,25,False,75.0,standart
Japan,Tatsuya Nagamine,Toei Animation,2012,12,15,True,107.0,long
Brazil,Célia Catunda Kiko Mistrorigo,H2O Films Pinguim Content,2022,3,15,False,89.0,standart
Japan,Jun Kawagoe,Anpanman Production Committee TMS Entertainment,2016,7,2,False,62.0,standart
Mexico,Gabriel Riva Palacio Alatriste Rodolfo Riva Palacio Alatriste,Huevocartoon Producciones,2018,3,9,False,87.0,standart
United States South Korea Poland,Kang Hei Chul,Netflix Studio Mir Platige Image Hivemind,2025,2,11,False,91.0,long
United States,Rebecca Sugar Joe Johnston (co) Kat Morris (co),Cartoon Network Studios,2019,9,2,False,82.0,standart
Japan,Tsutomu Mizushima,Actas,2017,11,11,True,122.0,long
India,Rusauro B. Adorable,Green Gold Animation,2016,1,8,False,97.0,long
United Kingdom Canada,Blair Simmons,Silvergate Media Mainframe Studios,2020,8,14,False,72.0,standart
United States,Andrew Tan,"Universal Studios , Arc Productions , Rainmaker Studios",2015,10,20,False,76.0,standart
Japan,Fukuzawa Toshinori,Toei Animation,2020,10,31,False,70.0,standart
Spain,Esaú Dharma David Galán Galindo Pablo Vara,39 Escalones The Other Film Production,2021,11,19,True,71.0,standart
Japan,Shigeru Morikawa,Sanzigen,2021,11,19,True,89.0,standart
China,Ming Si,,2021,4,17,False,82.0,standart
China United States,Song Yuefeng,Mili Pictures,2014,7,31,False,88.0,standart
Japan,Hideki Araki,Seven,2020,12,9,True,9.0,short
Japan,Tetsurō Amino,Satelight,2012,10,20,False,90.0,standart
Japan,Shū Honma,P.A. Works,2024,3,1,False,119.0,long
Japan,,,2012,4,14,False,111.0,long
Japan,Shin Yamaguchi,Shin-Ei Animation Shirogumi,2022,3,4,False,108.0,long
Canada,Sylvain Viau,Corporation Image Entertainment,2011,11,1,True,85.0,standart
France Belgium [ 15 ],Samuel Tourneux,Cottonwood Media,2021,8,4,False,82.0,standart
United States,Ken Cunningham,Lucasfilm Animation The Lego Group Atomic Cartoons,2022,8,5,False,48.0,standart
Japan,Masahiko Murata,Aniplex,2010,7,31,False,85.0,standart
China,William Kan,Xuelang Dock Media YL Pictures,2015,9,26,False,80.0,standart
China,Yu Shui,Shanghai Animation Film Studio,2025,8,2,False,118.0,long
Japan,Yoichi Fujita,Sunrise,2013,7,6,False,110.0,long
Lithuania,Reinis Kalnaellis,Copenhagen Bombay Paul Thiltges Distributions Rija Films,2014,8,29,False,75.0,standart
Japan,Noriyuki Abe [ a ] Bob Shirahata,Alfred Imageworks Marvy Jack,2022,12,20,True,52.0,standart
Spain,Chelo Loureiro,Abano Producións Antaruxa El Gatoverde Producciones Sparkle animation,2021,12,10,True,65.0,standart
United States India,Tony Bancroft,Exodus Film Group Toonz Entertainment,2017,1,12,False,84.0,standart
Japan,Makoto Shinkai,CoMix Wave Inc.,2011,5,7,False,116.0,long
Japan,Chika Nagaoka,TMS Entertainment,2024,4,12,False,110.0,long
Mexico,Alberto Rodríguez,Ánima Estudios,2014,10,30,False,83.0,standart
Japan,Atsushi Nishigori,A-1 Pictures,2014,1,25,False,122.0,long
Japan,Yutaka Yamamoto,Ordet,2015,9,25,False,55.0,standart
United States,Steve Stark,SModcast Pictures View Askew Productions,2013,4,20,False,64.0,standart
United States,Brendon Small,"Williams Street Titmouse, Inc.",2023,8,22,False,83.0,standart
United States,Michael Johnson Erica Duke,The Asylum,2025,3,7,False,91.0,long
United States,Kyran Kelly,Universal Studios Arc Productions Rainmaker Studios,2013,10,22,False,72.0,standart
United States,Brandon Vietti,Warner Bros. Animation,2010,7,27,False,75.0,standart
Japan,Chizuru Miyawaki,Bandai Namco Pictures,2021,1,8,False,104.0,long
Netherlands Germany Denmark,Richard Claus Karsten Kiilerich,Ambient Entertainment,2017,10,5,False,82.0,standart
Japan,Kenji Yasuda,Satelight Staple Entertainment,2022,2,4,False,102.0,long
United States,Brian Roberts,Big Idea Productions,2013,10,22,False,46.0,standart
Italy,Sergio Manfio,Gruppo Alcuni LuxAnimation,2014,3,17,False,80.0,standart
Japan,Takayuki Hamana,Studio Deen,2021,7,2,False,79.0,standart
United States South Korea,Kyung Ho Lee,"The Animation Picture Company , DigiArt Production, Lotte Entertainment",2012,1,12,False,85.0,standart
Japan,Tomonori Sudou,Ufotable,2017,10,14,False,120.0,long
Canada United States,Kris Pearn Cory Evans,Netflix Bron Animation,2020,4,22,False,92.0,long
Ukraine,Depoyan Manuk,Panama Grand Prix,2016,10,13,False,85.0,standart
Canada United States,Cal Brunker,Paramount Pictures Nickelodeon Movies Spin Master Entertainment,2023,9,29,False,87.0,standart
Mexico,Alberto Rodriguez,Ánima Estudios,2016,10,21,False,82.0,standart
United States Germany India,Ricard Cussó Damjan Mitrevski,Toon2Tango Curiosity Ink Media M.A.R.K.13™ Studio 56,2025,11,6,True,91.0,long
China,Lu Jinming Zhong Yu,Le vision pictures,2017,1,7,False,91.0,long
United States Canada,Luke Cormican,Walt Disney Pictures Bardel Entertainment,2023,12,8,True,62.0,standart
France,"Marguerite Abouet, Clement Oubrerie",Autochenille Production,2013,7,17,False,84.0,standart
Sweden,Per Åhlin Alicja Björk Lasse Persson,Filmlance International,2013,12,25,True,59.0,standart
Hungary,Zsolt Pálfi,Cinemon Entertainment Vertigo Média,2018,12,6,True,70.0,standart
Japan,Takayuki Hamana,Seven Arcs,2018,10,19,False,111.0,long
Turkey,"Haluk Can Dizdaroglu, Berk Tokay",Grafi2000 BKM,2018,5,11,False,74.0,standart
United States,"Dan Povenmire , Robert F. Hughes",Walt Disney Studios Home Entertainment / Walt Disney Television Animation,2011,8,5,False,78.0,standart
United States,Maxwell Atoms Mel Zwyer Christina Sotta,Warner Bros. Animation,2021,2,23,False,76.0,standart
Russia,Vladimir Khotinenko,Da-Studio,2015,10,22,False,,
United States,Swinton O. Scott III,Walt Disney Pictures 20th Century Animation Bardel Entertainment,2021,12,3,True,58.0,standart
Japan,Shinji Takamatsu,Studio Comet,2025,1,24,False,81.0,standart
Japan,Keizou Kusakawa,Seven Arcs,2010,1,23,False,130.0,long
China,Ge Shuiying,"Kunshan Zhangpu Haoshanshui Animation Beijing Shuzi Linghai Films Technology Erduosishi Hengqida Media, [ 21 ] Beijing G-POINT Film Culture Media 河南约克动漫影视股份有限公司 维乐享电影文化（北京）有限公司 Aiweixiao Culture Media (Beijing) [ 21 ]",2015,10,30,False,90.0,standart
Japan,"Tetsuro Amino , Nobuyoshi Habara","Production I.G , Xebec",2011,1,22,False,47.0,standart
United States,Matt Peters,Warner Bros. Animation Hanna-Barbera,2017,1,31,False,80.0,standart
China,Joey Zou,Kingkey Animation Studios,2017,7,28,False,81.0,standart
Canada,Sean Patrick O'Reilly,Arcana Studio,2016,10,3,False,83.0,standart
Japan,Hiromasa Yonebayashi,Studio Ghibli,2014,7,19,False,103.0,long
Mexico,Roberto Arnaiz,Ánima,2022,8,10,False,85.0,standart
Armenia,Arman Manaryan,,2010,1,25,False,80.0,standart
Russia,Ekaterina Mikhaylova,"Animose Studio, UMP Studio",2013,4,25,False,76.0,standart
Japan,Kazuya Tsurumaki,Sunrise Studio Khara,2025,1,17,False,81.0,standart
South Korea,Han Ji-won,Netflix,2025,5,30,False,96.0,long
Japan,Noriko Takao,A-1 Pictures,2013,5,10,False,90.0,standart
Japan,Jun Kawagoe,"Anpanman Production Committee, TMS Entertainment",2022,6,25,False,62.0,standart
Japan,Kei Suezawa,Signal.MD,2020,12,5,True,89.0,standart
Russia,Vladlen Barbe,InlayFilm,2015,1,1,False,84.0,standart
Canada,Christine Dallaire-Dupont Nicola Lemay,10th Ave. Productions,2023,2,24,False,82.0,standart
Germany Austria,Anthony Power,"Blue Eyes Fiction, WunderWerk, Dor Film Produktionsgesellschaft",2015,11,5,True,75.0,standart
Japan,Kenji Kamiyama,Production I.G,2012,10,27,False,105.0,long
China,Leo Lee,Zhejiang Versatile,2013,8,2,False,80.0,standart
South Korea,Hyeong-yoon Jang,,2014,2,20,False,81.0,standart
United States,Karey Kirkpatrick,Warner Animation Group,2018,9,28,False,96.0,long
Germany,"Ute von Münchow-Pohl [ fr ] , Sandor Jesse",Studio 88,2015,8,20,False,73.0,standart
India,Rajiv Chilaka,Green Gold Animation,2013,5,3,False,107.0,long
Japan,Shunji Iwai,,2015,2,20,False,99.0,long
Russia,Denis Chernov,"Petersburg Animation Studio , Riki Group , Bazelevs",2011,12,22,True,88.0,standart
Denmark,Karla von Bengtson,Copenhagen Bombay,2010,10,14,False,42.0,short
United States,Bob Nesler,Chris D'Angelo Productions LeapFrog Lionsgate,2010,2,9,False,34.0,short
United States,Ron Myrick,Chris D'Angelo Productions LeapFrog Lionsgate,2011,11,8,True,38.0,short
Brazil,Zé Brandão,Vitrine Filmes Copa Studio,2022,9,8,False,94.0,long
United States South Korea,Seong-ho Jang,Angel Studios Blue Harbor Entertainment Giantstep Mofac Animation,2025,4,11,False,101.0,long
United States,Christopher Berkeley Sam Liu,Warner Bros. Animation DC Entertainment,2023,3,28,False,86.0,standart
Japan,"Takashi Motoki , Shin Itagaki","Ace Crew Entertainment , Ultra Super Pictures",2014,9,13,False,72.0,standart
Japan,Kunihiko Yuyama,"OLM, Inc.",2011,7,16,False,92.0,long
Russia,Artyom Minakov,Magic Factory Animation Soyuzmultfilm,2024,10,3,False,86.0,standart
Iran,Farhad Azima,Fatima Zahra Animation Studios,2017,2,18,False,80.0,standart
United States,Norton Virgien,Universal Animation Studios Imagine Entertainment Universal 1440 Entertainment Tycoon Animation BV Animation Studio,2019,9,10,False,86.0,standart
Japan,Takeshi Koike,,2014,6,21,False,51.0,standart
United States,Clare Knight Harry Cripps,Netflix Animation Weed Road Pictures,2021,12,10,True,95.0,long
China,Jiaozi,Chengdu Coco Cartoon Beijing Enlight Media Beijing Enlight Pictures Chengdu Zizai Jingjie Culture Media Beijing Coloroom Technology,2025,1,29,False,144.0,long
Japan,Tetsuo Yajima,OLM,2020,12,25,True,100.0,long
Japan,Ai Yoshimura,MAPPA,2025,1,31,False,113.0,long
Japan,"Tomohiro Kawamura, Yoshihiro Komori","Arad Productions, Grindstone Pictures, Shirogumi, Toei Animation",2015,10,10,False,92.0,long
Japan,"Kazuhiro Furuhashi , Toshiaki Kidokoro",Nippon Animation,2018,10,19,False,105.0,long
Moldova,Dmitri Voloshin,,2012,1,1,False,4.0,short
Japan,Masayoshi Ozaki,Studio Sign,2024,6,14,False,84.0,standart
United States,Michael Johnson,Rebellion Animation Plaza Mayor Company,2025,5,20,False,90.0,standart
China,,,2013,6,16,False,,
Japan,Masakazu Hashimoto,Shin-Ei Animation,2025,8,8,False,105.0,long
United States,"Spike Brandt , Tony Cervone","Warner Bros. Animation , Turner Entertainment",2012,9,28,False,58.0,standart
United States,Michael Goguen,Warner Bros Animation Hanna Barbera Productions,2013,2,26,False,78.0,standart
Germany,Boris Aljinovic Harald Siepermann,"Zipfelmützen GmbH & Co. KG, Erfttal Film, Animationsfabrik",2014,9,25,False,87.0,standart
Japan,Takashi Otsuka,Toei Animation,2011,3,19,False,74.0,standart
Mexico,Marvick Núñez,Ánima,2023,7,14,False,89.0,standart
China,"Ding Liang, Liu Fuyuan","Fantawild Animation, Le Vision Pictures (Tianjin) Co., Pearl River Film Group, Shenzhen Huaqiang Shuzi Dongman",2015,1,30,False,96.0,long
Japan,Yoshinobu Yamakawa,J.C. Staff,2020,11,28,True,50.0,standart
United States,Dave Needham,Netflix Nickelodeon Movies,2021,8,20,False,87.0,standart
Japan,Ayumu Watanabe,Studio 4°C,2021,6,11,False,120.0,long
Czech Republic,Radek Beran,Luminar Film PFX,2024,11,7,True,84.0,standart
Japan,Keiichi Hara,A-1 Pictures,2022,12,23,True,116.0,long
Japan,Ryūichi Yagi Makoto Hanabusa,Shirogumi,2019,7,16,False,102.0,long
United States,David Block,"Warner Bros. Animation , Hanna-Barbera",2012,3,13,False,76.0,standart
Japan,Keitaro Motonaga,Toei Animation,2017,9,30,False,85.0,standart
China,"Gu Peixin, Benpineko",Mr. Cartoon Pictures,2014,5,30,False,88.0,standart
United States,Mike Rianda,Columbia Pictures Sony Pictures Animation Lord Miller Productions,2021,4,23,False,114.0,long
Japan,Hiroshi Hamasaki,Madhouse,2013,4,24,False,88.0,standart
Japan,Tatsuya Oishi,Shaft,2016,1,8,False,64.0,standart
Canada,"Benoit Godbout, François Brisson",CarpeDiem Film,2018,12,7,True,89.0,standart
Japan,Hiroyuki Yano,"Anpanman Production Committee, TMS Entertainment",2011,7,2,False,45.0,short
Spain,Gorka Vázquez,Baleuko S.L. Talope,2011,12,2,True,69.0,standart
Croatia,Luka Rukavina,Diedra Zagreb Film,2023,1,5,False,82.0,standart
United States,Robert Valley,Twistory Studios Picture Rock,2013,1,1,False,12.0,short
Japan,Tomohisa Taguchi,Clap Animation Studio Pony Canyon,2022,9,9,False,83.0,standart
China,Jianjun Ma Pengcheng Wang,,2015,1,1,False,,
Japan,Hideaki Ōba,,2016,5,21,False,86.0,standart
Japan,Gorō Taniguchi,Sunrise,2018,5,26,False,,
Germany,Gernot Roll,"Animationsfabrik, Constantin Film Produktion",2011,6,23,False,93.0,long
Japan,"Hisashi Saitō, Tetsuya Yanagisawa",AIC A.S.T.A,2011,6,25,False,97.0,long
Japan,Yusuke Hirota,Studio 4°C,2020,12,25,True,101.0,long
Belgium France,Michel Ocelot,Nord-Ouest Films,2022,10,19,False,83.0,standart
United Kingdom Canada,Blair Simmons,Silvergate Media Mainframe Studios,2021,3,30,False,72.0,standart
Turkey,Şahin Michael Derun,Animaj,2015,4,20,False,91.0,long
Germany,Ansgar Niebuhr,Youngfilms Senator Film Produktion,2020,7,2,False,76.0,standart
Norway,Simen Alsvik Karsten Fullu,Animando Steamheads Studios,2017,10,6,False,75.0,standart
United States Canada South Korea,Cal Brunker,"ToonBox Entertainment Redrover Co., Ltd. Gulfstream Pictures",2017,8,11,False,91.0,long
United States,Bob Doucette,Mike Young Productions MGA Entertainment,2010,10,5,False,70.0,standart
Japan,Kunihiko Yuyama,"OLM, Inc.",2012,7,14,False,71.0,standart
China,Ding Liang Lin Yongchang,Shenzhen Huaqiang Shuzi Dongman You Yang (Tian Jin) Dong Man Culture Media Le Vision Pictures (Tianjin) Fantawild Holdings Pearl River Pictures Dadi Century Films Distribution (Beijing) Tianjin Maoyan Media,2016,1,16,False,96.0,long
Mexico,Carlos Pimentel Nathan Sifuentes,"Animex Producciones , Nahuala Films",2015,4,24,False,90.0,standart
Japan,Takashi Yamazaki Ryūichi Yagi,Toho,2011,12,17,True,87.0,standart
Japan,Masami Shimoda,Bandai Namco Filmworks,2024,8,16,False,90.0,standart
Mexico,Eduardo Cabrera Martín Claudón Benito Fernández,Ithrax Studio Santo Domingo Animation,2024,1,4,False,94.0,long
China,Fang Qiao,Su Zhou Ou Rui Dong Man [ 21 ] Beijing G-POINT Film Culture Media [ 21 ],2015,10,1,False,94.0,long
United States,Chad Van De Keere,Kickstart Productions,2012,10,23,False,43.0,short
China,Guanghua Liao,Guangzhou Jinchuan Media Co Ltd.,2020,10,3,False,100.0,long
Japan,Tomoyuki Kawamura,Sunrise,2025,11,7,True,75.0,standart
China,Sun Li Jun,"Beijing Film Academy , Tianjin Film Studio",2011,7,11,False,89.0,standart
Japan,Noriaki Akitaya,Connect,2020,9,2,False,70.0,standart
Japan,Takuya Satō,J.C. Staff,2016,2,13,False,91.0,long
United States,Norton Virgien,"Imagine Entertainment , Universal 1440 Entertainment , Tycoon Animation, BV Animation Studio",2015,6,23,False,81.0,standart
United States,Giancarlo Volpe,Warner Bros. Animation DC Entertainment DR Movie (Animation services),2014,1,21,False,52.0,standart
Japan,Kōdai Kakimoto,Sanzigen,2024,11,8,True,,
China,"Chih-Chung Tsai, Daniel Ming-Chin Tsai",Zhejiang Zhongnan Animation Co.,2015,10,4,False,90.0,standart
India,"Vijay S. Bhanushali, Smita Maroo",Shemaroo Entertainment,2011,11,11,True,95.0,long
Japan,Kazuyoshi Takeuchi,Sunrise The Answer Studio,2023,9,8,False,94.0,long
India,Binu Sasidharan,Wireframe Animation,2013,5,24,False,100.0,long
United States,Bob Nesler,Chris D'Angelo Productions LeapFrog Lionsgate,2011,1,18,False,36.0,short
China,Ding Zhong,Winsing Animation Iron Fan Studio Bilibili Alibaba Pictures Youku Pictures,2024,7,12,False,118.0,long
Hungary,Antonin Krizanics Géza M. Tóth,Kedd Animation Studio,2014,8,28,False,65.0,standart
China,Yunfei Wang,Beijing Juhe Yinglian Media Beijing Motianlun Media [ 21 ],2015,8,6,False,95.0,long
Japan,Keitaro Motonaga,Toei Animation,2018,5,5,False,97.0,long
France Canada,Philippe Duchêne Cuvelier Jean-Baptiste [ 282 ],2 Minutes Animation Caramel Films PM SA Perpetua Capital,2024,7,3,False,85.0,standart
China,Cheng Teng Li Wei,Beijing Enlight Pictures,2020,10,1,False,110.0,long
Cuba,Ernesto Padrón,Ficción Producciones,2014,7,20,False,78.0,standart
China,,,2011,1,21,False,88.0,standart
China,,,2013,6,29,False,85.0,standart
Japan,"Takashi Yamazaki , Ryūichi Yagi",Fujiko Movie Studio,2014,8,8,False,95.0,long
New Zealand Japan United States,Kenji Kamiyama,New Line Cinema Warner Bros. Animation Sola Entertainment,2024,12,13,True,134.0,long
Japan,Hikaru Yamaguchib,Lerche,2020,8,22,False,59.0,standart
South Korea,Shin Chang-sub,GRIMAE,2023,5,18,False,93.0,long
Japan,Tensai Okamura,Bones,2024,8,2,False,110.0,long
China,Yujun Liu,Shenzhen Tianyuxing Entertainment,2015,11,20,True,83.0,standart
Russia,Vladimir Toropchin,Melnitsa Animation Studio,2011,12,29,True,80.0,standart
United States United Kingdom Canada,Andy Coyle Luke Pearson,Netflix Silvergate Media,2021,12,30,True,85.0,standart
Russia,Vyacheslav Plotnikov,,2013,10,24,False,80.0,standart
Japan,Kobun Shizuno,TMS Entertainment,2015,4,18,False,112.0,long
Japan,Tatsuya Oishi,Shaft,2016,8,19,False,69.0,standart
Norway,Rasmus A. Sivertsen,Qvisten Animation,2025,12,25,True,82.0,standart
Japan,Hayato Date,Studio Pierrot,2012,7,28,False,109.0,long
United States India,Anthony Bell,Assemblage Entertainment Dream Factory Group Splash Entertainment,2020,2,25,False,90.0,standart
Japan,Satoshi Nishimura,Madhouse,2010,4,24,False,90.0,standart
Japan,Shigetaka Ikeda,East Fish Studio,2025,5,23,False,88.0,standart
Japan,Hiroshi Nishikiori,Seven Arcs Pictures,2017,2,25,False,55.0,standart
Germany,Ute von Münchow-Pohl,ARX Anima Animation Studio Akkord Film Produktion GmbH SERU Animation Tobis Film,2024,12,24,True,76.0,standart
Japan,Tomohiro Furukawa,Kinema Citrus,2020,8,7,False,119.0,long
Mexico,Gabriel Riva Palacio Alatriste Rodolfo Riva Palacio Alatriste,Huevocartoon Producciones,2021,8,12,False,89.0,standart
China France Germany Luxembourg Spain,Greg Manwaring,"China Film Group Corp., ORB Filmproduktion GmbH",2011,2,3,False,86.0,standart
Japan,Isamu Imakake,IRH Press Co.,2015,10,10,False,125.0,long
China,,,2012,1,12,False,87.0,standart
Japan,Akio Iyoku,Toei Animation,2022,6,11,False,99.0,long
United States,Chris Kratt Martin Kratt,PBS Kids Kratt Brothers Company 9 Story Media Group,2024,4,1,False,48.0,standart
Japan,Yuichiro Hayashi,MAPPA,2016,5,21,False,78.0,standart
China,Adam Qiu,Guangzhou Jinchuan Media,2014,8,21,False,84.0,standart
Japan,Akiyuki Shinbo Nobuyuki Takeuchi,Shaft,2017,8,18,False,90.0,standart
Japan,Yūta Tanaka,Toei Animation,2023,9,15,False,73.0,standart
Japan,Chihiro Kumano,ENGI,2025,8,22,False,74.0,standart
Japan,Masayuki Kojima,Kinema Citrus,2020,1,17,False,105.0,long
United Kingdom Cyprus,Alex Tsitsilin,Creation Entertainment Media Magic Frame Animation,2024,10,25,False,94.0,long
United States,"Christopher Berkeley , Lauren Montgomery , Jay Oliva",Warner Bros. Animation / DC Entertainment,2011,6,7,False,84.0,standart
China,,,2013,5,26,False,85.0,standart
Japan,Fuminori Kizaki,Gonzo,2013,11,23,True,91.0,long
Japan,Shinnosuke Yakuwa,Fujiko Pro Shogakukan-Shueisha Productions TV Asahi Shin-Ei Animation Asatsu-ADK,2019,3,1,False,111.0,long
Japan,Takahiro Omori,Shuka,2021,1,16,False,51.0,standart
China,Chengfeng Zheng,Shanghai Shihuang Animation design co Ltd.,2021,1,1,False,90.0,standart
Iran Lebanon,Hadi Mohammadian,Honarpooya Group,2017,5,1,False,80.0,standart
United States,Saxton Moore,Lion Forge Animation,2025,8,30,False,90.0,standart
Turkey,"Hüseyin Emre Konyalı, Mustafa Tuğrul Tiryaki",Düşyeri Animation Studios,2013,11,22,True,82.0,standart
Japan,Toshifumi Akai,CloverWorks,2021,7,30,False,94.0,long
China,,,2013,7,19,False,85.0,standart
United States,Walt Dohrn David P. Smith,Universal Pictures DreamWorks Animation,2020,4,10,False,91.0,long
Japan,Takashi Katagiri,Wit Studio CloverWorks,2023,12,22,True,110.0,long
Estonia Latvia,"Heiki Ernits, Janno Põldma",,2011,8,25,False,76.0,standart
France Switzerland Netherlands Belgium,"Alain Gagnol, Jean-Loup Felicioli",Folimage,2010,12,15,True,65.0,standart
Japan,Susumu Kudo,GoHands,2011,9,3,False,64.0,standart
China,"Jinming Lu, Jinhui Lu",Guangdong Winsing Animation Toonmax Media Pearl River Pictures Guangdong TV Jiajia Cartoon Beijing Dongfang Huamian Film [ 21 ],2015,7,10,False,90.0,standart
United Kingdom Canada,Blair Simmons,Silvergate Media Mainframe Studios,2020,10,13,False,47.0,standart
Japan,,,2012,10,6,False,130.0,long
Mexico,Mike R. Ortiz,Kooltoon Entertainment,2022,9,29,False,105.0,long
Mexico Colombia,Miguel Ángel Uriegas,Fotosíntesis Media,2023,6,1,False,86.0,standart
Japan,Kobun Shizuno,Toho,2017,4,15,False,112.0,long
China,"Ma Yuan, Dong Dake","TianJin BeiFang Film Group Co., LTD Beijing Century Butterfly Animation Production Co., Ltd Beijing Luyi Jiuying Pictures Media Co., Ltd China Beijing Television Station Toonmax Media Co., Ltd Tianjin Radio and television Beijing Wanzhong Canlan Entertainment Co., Ltd Beijing Xinghe Lianmeng Entertainment Co., Ltd YL Pictures American Aurora Pictures International Ltd",2015,2,21,False,90.0,standart
China,,,2012,12,29,True,88.0,standart
Japan,Naoko Yamada,Kyoto Animation,2016,9,17,False,130.0,long
Japan,Atsuko Ishizuka,Madhouse,2022,2,18,False,98.0,long
Japan,Masashi Kudō,Telecom Animation Film Graphinica,2017,1,14,False,89.0,standart
Spain Estonia United States,Viktor Lakisov,Asymmetric Studios OU Asymmetric Universe S.L.,2024,12,12,True,85.0,standart
Japan,Kunihiko Yuyama,"OLM, Inc. , Shogakukan-Shueisha Productions",2014,7,19,False,77.0,standart
India,Shinjan Neogi Abhishek Panchal,Lodi Films Pvt. Ltd,2013,3,22,False,110.0,long
China,Huang Junming Chen Lijin,Alpha Group Creative Power Entertaining Huaxia Film Distribution Youku Information Technology (Beijing) Guangdong Mingxing Chuangyi Cartoon Shanghai Tao Piao Piao Movie and TV Culture Zhejiang Dong Yang Microcosmic Pictures,2024,7,19,False,96.0,long
Japan,Tomotaka Shibayama,Studio Colorido,2024,5,24,False,112.0,long
United States,Jhonen Vasquez,Netflix Nickelodeon Animation Studio,2019,8,16,False,71.0,standart
China,Gong Bingsi,,2014,7,10,False,85.0,standart
Japan,Hideto Komori,Manglobe,2011,8,27,False,70.0,standart
United States,Richard Rich,Sony Pictures Home Entertainment Crest Animation Productions,2023,5,23,False,86.0,standart
United States,William Lau,"Universal Studios , Arc Productions , Rainmaker Studios",2012,2,27,False,74.0,standart
China,Shu Zhan,,2016,10,1,False,83.0,standart
Lithuania Slovakia,Urte Oettinger Ignas Meilunas,Art Shot Studios,2025,5,16,False,55.0,standart
Finland Poland France,Jens Møller,Anima Vitae Godo Films Animoon,2025,9,12,False,83.0,standart
Denmark,Jørgen Lerdam,"A. Film Production , Nordisk Film",2013,10,10,False,100.0,long
Japan,Seiji Kishi,AIC,2013,4,13,False,83.0,standart
Spain,Andy Yekes,Zinkia Entertainment,2018,6,22,False,49.0,standart
Norway,Atle Solberg Blakseth Frank Mosvold,Gimpville AS Kool Production AS,2020,1,24,False,75.0,standart
Norway,Lise I. Osvoll,,2010,12,10,True,77.0,standart
Japan,Junichi Sato,TYO Animations,2015,8,29,False,52.0,standart
Japan,migmi,Liden Films,2023,6,9,False,69.0,standart
China,,,2011,7,28,False,90.0,standart
Hungary Israel,Albert Hanan Kaminski,Cinemon Entertainment Eden Productions,2017,9,28,False,80.0,standart
South Korea,Goo Bong-hoe,STUDIO ANIMAL,2014,5,20,False,79.0,standart
France Belgium Italy,Jamel Debbouze,"Pathé, Boréales, Kiss Films",2015,4,8,False,113.0,long
Japan,Tsutomu Mizushima,Actas,2019,6,15,False,54.0,standart
Japan,Kobun Shizuno,Anima Dynamo Pictures,2020,11,6,True,127.0,long
United States Canada,Matt Danner Gino Nichele,Walt Disney Pictures Bardel Entertainment 20th Century Animation,2025,12,5,True,78.0,standart
Japan,Jun Kawagoe,"Anpanman Production Committee, TMS Entertainment",2014,7,10,False,52.0,standart
Japan,Yoshimi Itazu,Production I.G,2023,10,20,False,70.0,standart
France,"Alexandre Astier, Louis Clichy","SND, Mikros Image",2014,11,26,True,85.0,standart
Japan,Hiroyuki Yano,"Anpanman Production Committee, TMS Entertainment",2013,7,6,False,47.0,standart
United States,Adam L. Wood,Rainmaker Entertainment,2010,3,9,False,75.0,standart
Philippines,Avid Liongoren,Rocketsheep Studio Spring Films,2020,10,29,False,73.0,standart
Spain Italy France,Francis Nielsen,"Baleuko S.L., Lumiq Studios , Art'mell",2012,5,1,False,81.0,standart
Japan,Tsuneo Kobayashi,Studio Pierrot,2014,12,6,True,112.0,long
United States South Korea,"Yoon-suk Choi, John Kafka","CJ Entertainment , Clarius Entertainment",2012,11,30,True,88.0,standart
Russia,Andrey Galat Maksim Volkov,Wizart Animation CTB Film Company,2016,4,28,False,85.0,standart
Japan,Shin Oonuma,Silver Link,2021,8,27,False,95.0,long
Ukraine,Oleksandr Klymenko,Image Pictures,2019,10,26,False,87.0,standart
Japan,Yūhei Sakuragi,Studio Moe Reirs,2024,10,25,False,95.0,long
Thailand,"Chaiporn Panichrutiwong, Prapas Cholsaranont","Workpoint Pictures, It-ti-rit House",2012,10,4,False,96.0,long
Russia China,Vage Sargsyan,Ori Animation Paradise Group,2025,3,27,False,90.0,standart
Japan,Hiroyuki Yamashita,Studio Pierrot,2015,8,7,False,96.0,long
Japan,Tatsuya Nagamine,Toei Animation,2018,12,14,True,100.0,long
United States,Ben Jones,"Warner Bros. Animation , Hanna-Barbera",2012,10,9,False,80.0,standart
Japan,Gorō Kuji,Shin-Ei Animation Fugaku,2025,12,5,True,106.0,long
Iceland,Árni Ásgeirsson,GunHill Cyborn,2018,2,2,False,82.0,standart
Japan,Kunihiko Yuyama,"OLM, Inc.",2010,7,10,False,95.0,long
Japan,Kenji Kamiyama,Production I.G,2010,3,13,False,95.0,long
South Africa,Duncan MacNeillie,Jock Animation,2011,7,29,False,89.0,standart
Denmark,Jannik Hastrup Flemming Quist Møller,Dansk Tegnefilm,2014,6,12,False,74.0,standart
Japan,Shinpei Ezaki,Liden Films Ultra Super Pictures XFlag Pictures,2016,12,10,True,103.0,long
France Belgium Spain,Aurel,Les Films d’Ici Méditerranée Les Films du Poisson Rouge In Effecto Tchack Les Films d’Ici Lunanime Promenons-nous dans les bois,2020,9,30,False,74.0,standart
United States,Steve Yamamoto,Netflix Pure Imagination Studios,2021,8,12,False,58.0,standart
Japan,Hiroshi Ikehata,Studio Gokumi,2024,5,17,False,60.0,standart
Japan,Mitsuo Fukuda,Bandai Namco Filmworks,2024,1,26,False,124.0,long
Japan,Takuya Igarashi,Bones,2018,3,3,False,90.0,standart
Norway,Lise I. Osvoll,"Qvisten Animation , The Lipp, Vigmostad & Bjørke",2018,10,19,False,66.0,standart
United States,Sam Liu,Warner Bros. Animation DC Entertainment,2020,2,25,False,84.0,standart
United States,Kirk DeMicco Brandon Jeffords,Columbia Pictures Sony Pictures Animation,2021,8,6,False,95.0,long
Japan,Kōbun Shizuno,Polygon Pictures,2015,3,6,False,134.0,long
Japan,Osamu Yamasaki,Studio Deen,2013,8,24,False,96.0,long
United States,Peter Chung,Cartoon Network Studios,2010,11,24,True,97.0,long
Japan,Sunghoo Park,MAPPA,2021,12,24,True,105.0,long
China,Robin Shen,Sparkly Key Animation Studio,2014,8,8,False,90.0,standart
Japan,Naoyuki Itō,Madhouse,2024,9,20,False,135.0,long
Japan,Susumu Kudo,GoHands,2010,11,6,True,69.0,standart
Japan,Yoshihiro Osugi,Shin-Ei Animation,2015,3,7,False,100.0,long
Netherlands,Hans Walther,"Motek Entertainment , Efteling",2012,2,22,False,72.0,standart
Russia,Konstantin Feoktisov,"CTB Film Company, Melnitsa Animation Studio",2015,1,1,False,74.0,standart
China,Zeng Xianlin,,2015,1,1,False,88.0,standart
Hungary,Antonin Krizanics Géza M. Tóth,Kedd Animation Studio,2010,8,12,False,65.0,standart
Nepal,Sanyukta Shrestha,Yantrakala Studios Pvt Ltd,2016,12,17,True,55.0,standart
Japan,Hiroshi Kawamata Takashima Hiro,,2018,1,1,False,52.0,standart
Norway,Rasmus A. Sivertsen,Neofilm AS,2013,3,3,False,82.0,standart
India,Dhavala Satyam,"Kanipakam Creations,  RVML Animation",2010,10,8,False,120.0,long
Japan,Hiromitsu Kanazawa,GoHands,2021,1,1,False,80.0,standart
Japan,Yukiyo Teramoto,Shin-Ei Animation,2013,3,9,False,104.0,long
Japan,Hiroshi Matsuyama,CyberConnect2 sai,2012,1,21,False,112.0,long
Russia,Elena Galdobina Fyodor Dmitriev,Melnitsa Animation Studio CTB Film Company,2020,12,24,True,77.0,standart
Japan,Yuzuru Tachikawa,TMS Entertainment,2023,4,14,False,109.0,long
Japan,Keizō Kusakawa,Diomedéa,2016,11,26,True,95.0,long
Japan,Shin'ya Kawatsura,Silver Link,2018,8,25,False,71.0,standart
South Korea,Byun Young-kyu,CJ ENM Co. Studio BAZOOKA,2022,12,14,True,103.0,long
Canada,Sean O'Reilly,Arcana Studio CG Bros Entertainment Gravitas Ventures,2023,6,9,False,88.0,standart
United States,Craig George,,2014,9,9,False,36.0,short
United States,Spike Brandt Tony Cervone,"Warner Bros. Animation , Hanna-Barbera , WWE Studios",2015,3,10,False,51.0,standart
Russia,Boris Chertkov,Gorky Film Studios KinoAtis Soyuzmultfilm,2022,5,1,False,85.0,standart
China,"Brian Tse , Li Junmin",Sunwah Media,2014,10,1,False,81.0,standart
Russia,Alex Tsitsillin,Voronezh Animation Studio CTB Film Company Magic Frame Animation [ 250 ] QED International Creation Entertainment Media [ 250 ],2025,5,22,False,90.0,standart
Denmark,Karsten Kiilerich,"M&M Productions, A. Film",2015,2,26,False,70.0,standart
South Korea,Jo Kyung-ho,Peace Visual World,2025,5,1,False,69.0,standart
China,Fengcheng Wang,Changzhou David Brothers Entertainment Co Ltd.,2020,11,1,True,,
Russia,Aleksey Tsitsilin,Wizart Animation 3Beep,2016,12,29,True,89.0,standart
China,Zhang Yang,Alpha Pictures,2021,7,23,False,95.0,long
United States,"Lauren Montgomery , Sam Liu","Warner Bros. Animation , DC Entertainment",2011,10,18,False,64.0,standart
Japan,Yoshikazu Miyao,Oriental Light and Magic,2010,12,23,True,90.0,standart
Finland,Kari Häkkinen,,2011,2,18,False,86.0,standart
United States,"Harry Kloor , Daniel St. Pierre",Jupiter 9 Productions,2010,1,13,False,45.0,short
France,Julien Fournet,TAT Productions SND Groupe M6 France 3 cinéma,2021,8,11,False,89.0,standart
United States,Jennifer Kluska Derek Drymon,Columbia Pictures Sony Pictures Animation Amazon Studios,2022,1,14,False,87.0,standart
Japan,Masakazu Hashimoto,Toho,2017,4,17,False,103.0,long
Japan,Takeshi Nozue,Visual Works Digic Pictures Image Engine Marza Animation Planet,2016,7,9,False,110.0,long
United States,François Brisson,,2011,5,10,False,78.0,standart
United States,Lauren Montgomery,Warner Bros. Animation,2010,9,28,False,78.0,standart
United States Canada,Jayson Thiessen,"Hasbro Studios , DHX Media/Vancouver , Top Draw Animation",2014,9,27,False,70.0,standart
United States,Elliot M. Bour,Crest Animation Productions / Universal Animation Studios,2011,3,22,False,82.0,standart
Japan,,,2012,10,13,False,110.0,long
China Japan,,,2012,1,1,False,,
Japan,Shinji Ishihira,Studio Deen,2023,2,17,False,59.0,standart
United States,Ron Thornton,SMV Complete Media The Asylum,2016,10,25,False,77.0,standart
Japan,Masaki Tachibana,Studio 3Hz Actas,2019,9,23,False,,
Italy,Iginio Straffi,"Medusa Produzione, Rainbow",2010,10,29,False,87.0,standart
Norway Belgium Germany,Endre Skandfer,Anima Point Anima Vitae Atmosphere Media Maipo Film NeXtFrames Media,2025,10,10,False,80.0,standart
Japan,Hiroaki Ando,Polygon Pictures,2016,9,23,False,121.0,long
South Korea,Kyung-hun Cho,SS ANIMENT INC. Byungjin JEON STUDIO ANIMA,2020,9,9,False,85.0,standart
Japan,Hideaki Ōba,Asahi Production,2011,7,30,False,85.0,standart
United States,Pasha Roberts,Lineplot Productions,2013,3,22,False,90.0,standart
Japan,Hiromasa Yonebayashi,Studio Ghibli,2010,7,17,False,95.0,long
Japan,Kenji Iwaisawa,Rock’n Roll Mountain Tip Top,2019,9,26,False,71.0,standart
Russia,Vasiko Bedoshvili Andrey Kolpin,Petersburg Animation Studio Aeroplane Productions,2017,10,28,False,80.0,standart
Germany Belgium,Peter Dodd Amin Matalqa,Odin's Eye Entertainment MovieBrats Pictures Walking The Dog,2024,11,15,True,,
Japan,Keitaro Motonaga,Toei Animation,2016,3,12,False,84.0,standart
United States,Henry Yu,Sony Pictures Animation,2017,1,17,False,84.0,standart
China,,,2013,8,2,False,82.0,standart
Belgium France,Pascal Hérold,Delacave Paris,2012,7,25,False,81.0,standart
Denmark,Michael Hegner,Crone Film,2012,5,16,False,80.0,standart
Germany,Mariola Brillowska,Peter Stockhaus Filmproduktion,2011,5,1,False,67.0,standart
China,Li Tingting,"Shanghai Taomee Network & Technology Co., Ltd. China Film Group Corporation Beijing KAKU Cartoon Satellite TV Hunan TV Aniworld Satellite TV",2015,2,5,False,86.0,standart
Japan,"Hideaki Anno , Kazuya Tsurumaki , Masayuki Yamaguchi",Studio Khara,2012,11,17,True,96.0,long
Japan,Kōji Ogawa,Toei Animation,2025,9,12,False,71.0,standart
United States,Mike Nawrocki,Big Idea Productions,2010,2,27,False,50.0,standart
Mexico,Benito Fernández,"Fidecine, Santo Domingo Animation",2010,9,16,False,89.0,standart
Canada China,Sean Patrick O'Reilly,Arcana Studio Yisang Media Los Angeles-Beijing Studios,2021,4,9,False,80.0,standart
United States,Cory Morrison,Big Jump Entertainment Foundation Media Partners Build-A-Bear Entertainment,2023,11,3,True,78.0,standart
China,Sun Lijun,"Beijing Film Academy [ 79 ] Hunan Aniworld Cartoon Co., Ltd [ 79 ] Beijing Aiyi Meixun Animation Production Co., Ltd [ 79 ] Huaxia Film Distribution Co., Ltd [ 79 ] Beijing Iqiyi Co., Ltd [ 79 ] Beijing Bihe Shijia Media Co., Ltd [ 79 ]",2013,7,20,False,85.0,standart
China,Lei Junlin,,2015,4,30,False,76.0,standart
Norway,Will Ashurst,Qvisten Animation,2020,11,6,True,68.0,standart
Mexico,Alberto Rodriguez,Promociones Antonio Peña Ánima Estudios,2010,1,22,False,96.0,long
Japan,Tatsuya Ishihara,Kyoto Animation,2019,4,19,False,100.0,long
Spain,Maite Ruiz de Austri,,2010,11,5,True,72.0,standart
Denmark,Thorbjørn Christoffersen Anders Matthesen,A. Film Pop Up Production Sudoku ApS,2025,8,21,False,88.0,standart
China,Adam Qiu,Fu Jian Heng ye Film Distribution CO. Gold Valley Films,2015,7,31,False,77.0,standart
China,Li Xia,,2016,1,1,False,78.0,standart
Japan,Sōichi Masui,CloverWorks,2019,6,15,False,89.0,standart
Japan,Baku Kinoshita,OLM Team Yoshioka P.I.C.S,2022,4,1,False,128.0,long
Japan,Kōdai Kakimoto,Sanzigen,2024,9,27,False,,
Japan,Noriyuki Abe [ a ] Bob Shirahata,Alfred Imageworks Marvy Jack,2023,8,8,False,54.0,standart
Japan,Takeo Takahashi,Passione,2020,1,10,False,76.0,standart
Greece,Akis Karras,White Fox Anama Cosmote Tv Spentzos Film,2022,12,8,True,74.0,standart
Japan,Tomohisa Taguchi,A-1 Pictures,2016,1,23,False,105.0,long
United States,Sam Liu,Marvel Animation,2010,2,2,False,81.0,standart
Japan,Ryūichi Yagi Takashi Yamazaki,Shin-Ei Animation Shirogumi Robot Communications,2020,11,20,True,96.0,long
United States,Van Partible,Cartoon Network Studios,2011,11,4,True,66.0,standart
Japan,Yūzō Satō,Madhouse,2013,1,12,False,97.0,long
United States,Cecilia Aranovich Hamilton,Warner Bros. Animation DC Entertainment,2023,9,26,False,76.0,standart
Canada United States,Aaron Woodley,Assemblage Entertainment AMBI Media Group AIC Studios,2019,11,1,True,93.0,long
United States,Adam Rudman David Rudman Todd Hannert,PBS Kids Spiffy Pictures,2024,4,22,False,53.0,standart
United States,Peter Rida Michail,Warner Bros. Animation,2021,6,20,False,83.0,standart
India,Karandeep Singh,iRealities Studios Nihal Nihal Nihal Productions,2022,4,14,False,100.0,long
Mexico,Marvick Núñez,Ánima Estudios,2020,1,10,False,89.0,standart
Japan,Shunsuke Tada,Production I.G,2010,5,1,False,103.0,long
Argentina Spain,Juan José Campanella,"100 Bares Producciones, Antena 3 Films , Catmandu Branded Entertainment, JEMPSA, Telefe , Canal Plus",2013,7,18,False,85.0,standart
Japan,Shinpei Miyashita,"Nippon Animation , Shirogumi",2015,7,4,False,50.0,standart
Italy,Iginio Straffi,Rainbow S.r.l.,2012,10,18,False,95.0,long
Russia Georgia,Georgy Danelia,"Channel One , CTB, Ритм, Ugra Film",2013,4,11,False,97.0,long
Turkey,Can Soysal,Anibera Animation Studios,2017,7,7,False,91.0,long
Japan,Kazuhiro Furuhashi,Nippon Animation,2017,11,11,True,97.0,long
Japan,Shōjirō Nishimi,Studio 4°C,2023,11,3,True,95.0,long
Netherlands,Joost Van Den Bosch Erik Verkerk,Eyeworks BosBros Eén,2019,2,21,False,72.0,standart
United States,Frank Marino,Bento Box Entertainment LEG,2014,3,18,False,60.0,standart
Lebanon France,Jorj Abou Mhaya,Spring Entertainment,2021,3,21,False,60.0,standart
Japan,Yoshitomo Yonetani,Sunrise,2014,2,8,False,90.0,standart
United States Canada,Tim Maltby,Lionsgate Crest Animation Productions,2016,5,10,False,47.0,standart
China,"Yu Mingliang, Yang Xiaojun, Liang Donglong","Tianjin Binhai Xinqu Guoshi Jingwei Media Co., Ltd Beijing Guoshi Jingwei Science And Technology Co., Ltd Lasai Guoshi Jingwei Media Co., Ltd Chengdu Guoshi Jingwei Media Co., Ltd Tibet Audio-Video Publishing House",2015,2,19,False,80.0,standart
Japan,Kenji Nagasaki,Bones,2019,12,20,True,104.0,long
Japan,Junji Shimizu,Toei Animation,2015,3,14,False,74.0,standart
United States,Miguel Puga,Netflix Nickelodeon Movies,2024,3,22,False,85.0,standart
Russia,Vyacheslav Plotnikov,Inlay Film,2013,11,10,True,,
China,Xu Kerr,Shanghai Hippo Animation Co.,2015,4,10,False,90.0,standart
United States,Jimmy Hayward,Reel FX Animation Studios Relativity Media,2013,11,1,True,91.0,long
China,Zhu Xiaobing Huang Yiqing,Pearl River Film Group Guangzhou Dali Animation Beijing KAKU Cartoon Satellite TV [ 70 ] Pearl River Pictures [ 70 ],2016,9,15,False,87.0,standart
Japan,Masakazu Obara,Sunrise,2016,7,23,False,82.0,standart
United Kingdom,Mark Baker Iwan Watson,Astley Baker Davies Ltd Entertainment One,2017,4,7,False,72.0,standart
United States Japan,Shinsuke Terasawa,Warner Bros. Animation DC Entertainment,2022,2,8,False,78.0,standart
Japan,Atsushi Sato,Studio Mother,2021,6,11,False,120.0,long
China,Fei Rui Hua,Guangdong Tianying International Film Co Ltd.,2020,10,24,False,,
South Korea,Daehee Lee,302 Planet Lee Dae-hee Animation Studio,2021,2,3,False,95.0,long
China,Zhu Ge,Beijing Yingwo Culture Media Co Ltd.,2020,8,29,False,80.0,standart
United Kingdom,Chris Parker James Mason,HIT Entertainment,2017,5,27,False,63.0,standart
Russia,Oleg Uzhinov Vasiko Bedoshvili,Aeroplane JSC Blitz Films,2019,12,19,True,83.0,standart
Japan,Yukiyo Teramoto,Shin-Ei Animation,2025,3,7,False,105.0,long
United States,Craig George,,2015,9,8,False,37.0,short
United States Canada,Luke Cormican,Walt Disney Pictures Bardel Entertainment 20th Century Animation,2022,12,2,True,75.0,standart
Japan,Seiji Mizushima,Sunrise,2010,9,18,False,120.0,long
Poland,Wojciech Wawszczyk [ pl ] Jakub Tarkowski Tomasz Lew Leśniak [ pl ],Paisa Films Produkcja,2011,3,11,False,90.0,standart
United States,Raymie Muzquiz Stu Livington,"Snee-Oosh, Inc. Nickelodeon Animation Studio",2017,11,24,True,81.0,standart
United States,Michael Johnson,The Asylum,2023,6,6,False,90.0,standart
South Korea,Kim Hyun-ho Yoon Chang-seop,,2019,4,25,False,79.0,standart
Japan,Mizuho Nishikubo,Production I.G,2014,2,22,False,102.0,long
Japan,Kobun Shizuno,TMS Entertainment,2013,4,20,False,101.0,long
China,Liang Ding,,2018,2,16,False,90.0,standart
Japan,Masashi Kudō,Telecom Animation Film Graphinica,2017,2,11,False,93.0,long
Japan,Kunihiko Yuyama,OLM,2016,7,16,False,95.0,long
Japan,Yasuhiro Aoki,Studio 4°C,2025,8,15,False,90.0,standart
United States,Ezekiel Norton,Universal Studios Arc Productions Rainmaker Studios,2014,2,15,False,73.0,standart
Japan,Masaki Tachibana,Actas,2021,9,23,False,56.0,standart
United States,Tom McGrath,DreamWorks Animation,2021,7,2,False,107.0,long
Germany,Christian Haas Andrea Block,LUXX Film,2019,2,28,False,90.0,standart
Russia,Sergei Glezin,Melnitsa Animation Studio,2010,12,30,True,77.0,standart
Japan,Junichi Sato,TYO Animations,2015,4,4,False,52.0,standart
Mexico,Carlos Kuri,White Knight Creative Productions,2010,9,24,False,100.0,long
Iran,Majid Esmaeili,,2025,8,8,False,81.0,standart
Russia,Yuriy Mamontov,Slyers Animation Studios,2017,4,13,False,60.0,standart
Spain,Marc Fernandez,,2018,11,7,True,70.0,standart
Japan,Tomoyuki Kawamura,Sunrise,2024,9,6,False,59.0,standart
Japan,Kenji Nakamura,EOTA Crew-Cell,2025,3,14,False,74.0,standart
Taiwan,,,2014,10,3,False,85.0,standart
Japan,Hiroshi Nishikori,J.C. Staff,2013,2,23,False,90.0,standart
Turkey,Haluk Can Dizdaroglu Berk Tokay,Grafi2000 BKM,2019,10,4,False,93.0,long
Russia,Sergei Bazhenov,BS Graphics Production,2011,9,5,False,87.0,standart
Japan,Shunsuke Tada,Production I.G,2017,3,18,False,90.0,standart
Finland,Antti Haikala,"Cartoon One, Connectoon, Epidem, Nelonen, uFilm",2011,11,18,True,80.0,standart
Japan United States,Takeru Nakajima Yoshiyuki Okada,Studio Anima Netflix,2020,3,19,False,74.0,standart
Japan,Tatsuma Minamikawa,A-1 Pictures,2017,5,6,False,85.0,standart
Japan,Kobun Shizuno,TMS Entertainment,2014,4,19,False,110.0,long
Japan,Takeshi Koike,Telecom Animation Film,2017,2,4,False,54.0,standart
United States,"Tim Maltby, Richard Finn (co-director)",Assemblage Entertainment / Discreet Arts Productions / Lionsgate / Splash Entertainment,2018,8,9,False,91.0,long
Denmark,"Thorbjørn Christoffersen, Anders Matthesen","A. Film , Pop Up Production, Sudoku ApS",2018,12,25,True,81.0,standart
United States,Mike Nawrocki,Big Idea Productions,2014,8,5,False,52.0,standart
Japan,Yasuhiro Takemoto,Kyoto Animation,2015,12,5,True,110.0,long
India,Rajiv Chilaka,Green Gold Animation,2012,5,18,False,88.0,standart
Spain Russia,"Iñigo Berasategui, Alexey Medvedev, Juanjo Elordi, Rishat Gilmetdinov",Dibulitoon Studio( es ) Somuga Wizart Animation Yokoren Kluba,2015,9,13,False,80.0,standart
Japan,Gō Koga,Toei Animation,2023,11,17,True,104.0,long
India,Rajiv Chilaka,Green Gold Animations,2019,5,10,False,113.0,long
Japan,Masaki Tachibana,Actas,2021,2,11,False,53.0,standart
Canada,Sean Patrick O'Reilly,Arcana Studio,2017,10,1,False,89.0,standart
United Kingdom,Neville Astley Mark Baker,Astley Baker Davies Ltd Entertainment One,2019,4,5,False,68.0,standart
United States,Zeke Norton,Rainmaker Entertainment / Universal Pictures / Kidtoon Films,2011,9,13,False,81.0,standart
Japan,Yoshihide Ibata,TMS Entertainment,2022,2,18,False,88.0,standart
Japan,,Sanzigen LIDEN FILMS,2014,8,23,False,62.0,standart
Germany Belgium Luxembourg Czech Republic,Ralf Kukula Matthias Bruhn,Balance Film GmbH TrickStudio Lutterbeck Doghouse Films Artémis Productions MAUR Film,2019,9,30,False,86.0,standart
Russia,Inna Evlannikova,KinoAtis Gorky Film Studios,2020,9,24,False,80.0,standart
United States,Jeff Gordon,Disney Television Animation,2021,10,7,False,46.0,standart
Japan,Hiroyuki Seshita,Polygon Pictures,2017,5,20,False,106.0,long
United States China,Boqing Tang Xiaolan Zeng,Pantheon Entertainment Magic Hill Animation Studio,2023,12,15,True,86.0,standart
Japan,Norihiro Naganuma,TMS/8PAN,2015,8,28,False,90.0,standart
Japan,Hayao Miyazaki,Studio Ghibli,2013,7,20,False,126.0,long
Japan,,"OLM, Inc.",2012,12,1,True,90.0,standart
United States,Frank Sudol,BlackArro Productions,2010,1,1,False,71.0,standart
United States,Chad Payne,Fortress Films Source Filmmaker,2023,2,20,False,108.0,long
China,Kai Ye,Mr. Cartoon Pictures Creative Power Entertaining Beijing Kaku Media BestTV Media Nanjing Radio and TV Station Pearl River Pictures Beijing Hangmei Entertainment [ 79 ],2013,8,1,False,88.0,standart
Denmark,Peter Dodd,Crone Film Produktion A/S,2011,6,1,False,84.0,standart
Japan,Tachikawa Yuzuru,"Toho Company, Ltd.",2018,4,13,False,110.0,long
Japan,Wataru Takahashi,Shin-Ei Animation,2021,7,30,False,104.0,long
Australia,Jo Boag,SLR Productions,2021,10,15,False,81.0,standart
China,Yi Li,,2015,3,27,False,93.0,long
Japan,Tensho,Bibury Animation Studios,2020,11,27,True,60.0,standart
Japan,Hiroyuki Yano,"Anpanman Production Committee, TMS Entertainment",2017,7,1,False,62.0,standart
Mexico,Carlos Kuri,Fidecine Instituto Mexicano de Cinematografía (IMCINE) Quality Films,2010,9,24,False,100.0,long
Japan,Masahiro Shinohara,CloverWorks,2024,5,10,False,94.0,long
United States,Jeff Wamester,Warner Bros. Animation DC Studios,2024,1,9,False,93.0,long
Germany Australia,Noel Cleary,Buzz Studios Studio 100 Animation,2021,1,7,False,88.0,standart
Japan,Takanori Tsujimoto,Sony Pictures Entertainment Japan Marza Animation Planet,2017,5,27,False,97.0,long
Germany Luxembourg,Caroline Origer,Fabrique d'Images Ella Filmproduktion SERU Animation,2022,10,13,False,85.0,standart
United States,Max Lang,Nickelodeon Animation Studios,2016,12,9,True,43.0,short
United States,David Block,Warner Bros. Animation Hanna-Barbera,2011,9,3,False,75.0,standart
Japan,Eisaku Kawanami,Kyoto Animation Animation Do,2017,4,22,False,95.0,long
United States,Brandon Vietti,"Warner Bros. Animation , DC Entertainment , The Lego Group",2015,2,10,False,49.0,standart
United States,Jeff Wamester,Warner Bros. Animation DC Studios,2024,4,23,False,95.0,long
Japan,Makoto Shinkai,CoMix Wave Films,2022,11,11,True,122.0,long
Japan,Yasuhiro Yoshiura,Purple Cow Studio Japan,2013,11,9,True,99.0,long
Spain Canada,Alberto Rodríguez Nacho La Casa,Arcadia Motion Pictures Tangent Animation,2016,10,14,False,90.0,standart
United States,Johane Matte Francisco Ruiz Velasco Andrew Schmidt,"DreamWorks Animation Television Double Dare You Productions CGCG, Inc.",2021,7,21,False,106.0,long
China,Liu Kexin,,2015,1,1,False,90.0,standart
Japan,"Tetsuro Amino , Nobuyoshi Habara","Production I.G , Xebec",2011,3,26,False,52.0,standart
United States,Michael Sporn,"Michael Sporn Animation, Inc.",2013,6,6,False,90.0,standart
China,Zheng Chengfeng,,2015,5,23,False,80.0,standart
Russia,Denis Chernov,Riki Group,2025,10,23,False,85.0,standart
Japan,Tatsuya Ishihara,Kyoto Animation,2016,4,23,False,103.0,long
China,Kerr Xu,"Shanghai Hippo Animation Co., Ltd Hunan TV Aniworld Satellite TV tudou.com",2014,10,1,False,80.0,standart
United States,Michael LaBash,Peacock Universal Pictures Home Entertainment Universal Animation Studios Imagine Entertainment,2020,9,8,False,85.0,standart
Japan,Tsutomu Mizushima,GEMBA,2020,9,11,False,119.0,long
India,Azhar Khan,Aman Anam Productions [ 80 ],2013,8,2,False,95.0,long
Japan,Kōnosuke Uda,Toei Animation,2012,5,19,False,104.0,long
Japan,Takuya Satō,Zexcs,2018,6,9,False,58.0,standart
Sweden,Christian Ryltenius,SF Studios,2023,8,25,False,66.0,standart
Japan,Keitaro Motonaga,A-1 Pictures,2015,4,4,False,87.0,standart
Japan,Daisei Fukuoka,Kagokan,2025,12,26,True,85.0,standart
France Luxembourg Belgium Canada,Zaven Najjar,Creative Touch Studios Paul Thiltges Distribution Need Production Lunamine Yzanakio,2025,6,9,False,77.0,standart
United Kingdom,"Neville Astley, Mark Baker",Entertainment One,2015,2,14,False,15.0,short
Japan,Tetsuya Yanagisawa,Qualia Animation,2016,12,17,True,63.0,standart
China Spain,Liu Kexin,,2011,8,11,False,95.0,long
Japan,Mamoru Nagano,,2012,11,1,True,70.0,standart
Japan,Toshiyuki Kubooka,Studio 4 °C,2013,2,1,False,113.0,long
Japan,Toshikazu Hashimoto,TMS Entertainment,2025,6,27,False,89.0,standart
Japan,Wataru Takahashi,Toho,2018,4,13,False,104.0,long
Japan,,Toei Animation,2016,3,19,False,70.0,standart
Japan,Yoshiyuki Momose,"OLM, Inc.",2019,8,23,False,106.0,long
Germany,Nina Wels,Little Dream Entertainment Red Parrot Studios Tradewind Pictures,2025,9,4,False,81.0,standart
China,"Wang Chuan, Zhang Gang, Zhou Jie",,2014,10,1,False,90.0,standart
Japan,Kozo Kusuba,Vega Entertainment,2010,3,6,False,99.0,long
United States,Jeff Wamester,Warner Bros. Animation DC Entertainment,2023,2,7,False,83.0,standart
United States,"Branden Chambers, Eric D. Chambers",Houston Curtis Productions Chamber Bros. Entertainment,2013,3,18,False,83.0,standart
United States,Victor Cook,Warner Bros Animation Hanna Barbera Productions,2013,8,20,False,78.0,standart
Sweden,Christian Ryltenius,Nordisk Film,2014,1,17,False,66.0,standart
Japan,Hitoshi Takekiyo,Koo-Ki,2012,8,25,False,95.0,long
Japan,Shinnosuke Yakuwa,Shin-Ei Animation,2023,12,8,True,114.0,long
Pakistan,Sharmeen Obaid-Chinoy,Waadi Animations,2018,12,14,True,94.0,long
Japan,Takeshi Koike,Telecom Animation Film TMS Entertainment,2025,6,27,False,93.0,long
United States,Brian Roberts,Big Idea Productions,2010,10,5,False,48.0,standart
South Korea,Yeo Eun-a,,2018,10,19,False,77.0,standart
Russia Kazakhstan,Arman Beisembayev,Cinema Tone Production Media Base,2020,9,17,False,72.0,standart
South Korea,Chanwook Park Young Kyun Park,Korea Creative Content Agency Korean Film Council Korean Small and Medium Business Administration Ocon Studios SK Broadband Winner Cultural Media,2015,12,13,True,90.0,standart
Hungary,Zsolt Pálfi,Cinemon Entertainment,2017,4,27,False,65.0,standart
United States,Ethan Spaulding,Warner Bros. Animation NetherRealm Studios,2021,8,31,False,80.0,standart
South Korea,Seong-yun Oh,MK Pictures,2011,7,28,False,93.0,long
Japan,Kitarô Kôsaka,Madhouse Inc.,2018,6,11,False,94.0,long
United States China,Anthony Bell,Lionsgate Splash Entertainment HB Wink Animation,2023,1,24,False,90.0,standart
Japan,Kōnosuke Uda [ a ] Takafumi Ushida Takeru Satō,MAPPA,2025,10,24,False,122.0,long
Japan,Naoko Yamada,Kyoto Animation,2014,4,26,False,83.0,standart
China,Zhizhong Cai,Beijing Weifeng Media Co Ltd.,2020,1,11,False,87.0,standart
Peru,Eduardo Schuldt,Alligator Entertainment,2023,1,12,False,80.0,standart
United States,Brandon Vietti,Warner Bros. Animation DC Entertainment,2020,10,13,False,18.0,short
United States,Frank Sudol,BlackArro Productions,2014,9,19,False,85.0,standart
Japan,Hiroyuki Yano,"Anpanman Production Committee, TMS Entertainment",2019,6,28,False,62.0,standart
United States,Davis Doi,Universal Animation Studios Universal 1440 Entertainment,2016,2,2,False,82.0,standart
United States,M. dot Strange,,2014,2,14,False,128.0,long
Costa Rica,"Guillermo Tovar, Nadia Mendoza",Interdimensional Studio,2015,12,11,True,61.0,standart
Finland Germany Denmark Ireland,Kari Juusonen Jørgen Lerdam,Anima Vitae Animaker Ulysses Filmproduktion Moetion Films A. Film Production,2024,10,11,False,86.0,standart
Japan,Naoki Miyahara,Toei Animation,2024,9,13,False,70.0,standart
Malaysia,Nizam Razak,Animonsta Studios,2019,8,8,False,110.0,long
United States,Sasha Burrow,The Asylum,2016,5,17,False,75.0,standart
United States,Tim Maltby,Lionsgate Crest Animation Productions,2016,11,8,True,47.0,standart
United States,Jared Hess Lynn Wang,Netflix Animation Scholastic Entertainment Netflix Studios,2024,5,17,False,93.0,long
Greece,Nikos Vergitsis,Art Toons,2018,1,15,False,,
Japan,Makoto Moriwaki,Tatsunoko Production,2016,3,12,False,60.0,standart
United States,Darrell Van Citters,Renegade Animation,2011,5,10,False,41.0,short
Japan,"Takashi Nakamura , Michael Arias",Studio 4°C,2015,11,13,True,119.0,long
Russia,Maksim Volkov Maya Turkina,YARKO Animation Company,2025,8,28,False,80.0,standart
Japan,Keitaro Motonaga,Production IMS,2015,8,22,False,72.0,standart
United States,Lauren Montgomery,"Warner Bros. Animation , DC Entertainment",2012,2,28,False,77.0,standart
China,"Jia Wu, Jiye Tang",Kunshan Feifan Animation Co. Zhejiang Zhongnan Animation Co.,2015,8,15,False,81.0,standart
Czech Republic Slovakia Croatia,Galina Miklínová,T.H.A.,2016,10,22,False,83.0,standart
United States India,Richard Rich,Lionsgate Crest Animation Productions,2017,5,9,False,44.0,short
United States Mexico,Andrés Couturier,Classic Media Ánima Estudios Santo Domingo Films Motion Toons IMCINE [ 13 ],2010,5,11,False,79.0,standart
Japan,Naoyoshi Shiotani,Production I.G,2023,5,12,False,120.0,long
Germany,Theresa Strozyk,MotionWorks Melusine Productions,2016,7,14,False,72.0,standart
United States,William Lau,Rainmaker Entertainment,2010,9,14,False,79.0,standart
Russia,Konstantin Feoktistov,Melnitsa Animation Studio,2017,12,28,True,75.0,standart
Japan,Toshihisa Yokoshima,Sunrise Anima Kamikaze Douga,2023,8,18,False,106.0,long
Peru,Eduardo Schuldt,Aronnax Animation Studios,2012,1,26,False,82.0,standart
United States,Rick Morales,Warner Bros. Animation,2022,10,9,False,82.0,standart
United States,Kyle Marshall,Paramount+ Nickelodeon Movies,2024,6,21,False,81.0,standart
Russia,Konstantin Feoktistov,Melnitsa Animation Studio,2017,1,1,False,75.0,standart
Japan,Naoko Yamada,Kyoto Animation,2018,4,21,False,90.0,standart
Japan,Naoki Matsuura,Liden Films,2024,7,19,False,83.0,standart
Japan,Naoko Yamada,Kyoto Animation,2011,12,3,True,110.0,long
Russia United States,Vasily Rovensky Natalya Nilova,Licensing Brands,2019,4,12,False,84.0,standart
Japan,Hisashi Saitō,Production IMS,2014,4,26,False,50.0,standart
Japan,Yutaka Yamamoto,Ordet,2015,12,11,True,53.0,standart
Malaysia,Usamah Zaid Yasin,WAU Animation,2019,11,28,True,97.0,long
Italy,Enzo D'Alò,Bolero Film,2017,11,16,True,81.0,standart
China,Ha Lei,,2015,5,29,False,91.0,long
Japan,Takayuki Hirao,Ufotable,2013,12,28,True,100.0,long
Japan,Rie Matsumoto,Toei Animation,2010,10,30,False,71.0,standart
Spain Belgium Switzerland,Julio Soto Gurpide,The Thinklab Grid Animation Kraken Films,2017,8,25,False,92.0,long
Japan,Kazuaki Imai,Shin-Ei Animation,2024,3,1,False,115.0,long
Spain Colombia,Gorka Sesma,Somuga Bitebilau Digitz Films,2016,12,23,True,90.0,standart
Japan,Susumu Mitsunaka,Production I.G.,2024,2,16,False,85.0,standart
China,,,2013,2,14,False,94.0,long
Japan,Eisaku Kawanami,Kyoto Animation Animation Do,2017,7,1,False,98.0,long
Japan,Kazuki Akane,Sunrise,2016,2,6,False,60.0,standart
Japan,Shinichiro Ushijima,Studio VOLN,2018,9,1,False,108.0,long
Denmark Belgium,Anders Morgenthaler Mikael Wulff,Zentropa Entertainments New Creations Caviar Films,2019,9,26,False,80.0,standart
Japan,Kôzô Kusuba,Shin-Ei Animation,2012,3,3,False,100.0,long
Russia,Victor Azeev,Licensing Brands,2018,5,31,False,77.0,standart
Russia,Aleksey Lukyanchikov,Central Partnership Star Media Film,2016,11,10,True,73.0,standart
Germany,Hubert Weiland Nina Wels,"Caligari Film, ZDF, Universum Film",2014,12,18,True,83.0,standart
United States,Bob Nesler,Chris D'Angelo Productions LeapFrog Lionsgate,2011,1,18,False,35.0,short
United States,Guy Vasilovich,Universal 1440 Entertainment Splash Entertainment Magic Carpet Productions Universal Animation Studios,2017,11,13,True,91.0,long
Japan,Jun'ichi Satô,TYO Animations,2016,4,2,False,58.0,standart
China,Jinbao Li,Hefei diffuse Film Co Ltd.,2020,8,21,False,90.0,standart
Peru,Eduardo Schuldt,Aronnax Animation Studios,2015,6,3,False,80.0,standart
Canada,"Johnny Darrell, Logan McPherson, Behzad Mansoori-Dara, Daniel DeSerranno, Steve Sacks",Nerd Corps Entertainment,2014,8,21,False,63.0,standart
Japan,Toshiya Shinohara,P.A. Works,2025,8,29,False,95.0,long
United States Japan South Korea,"Victor Cook, Mike Disa , Sang-Jin Kim, Shuko Murase, Jong-Sik Nam, Lee Seung-Gyu",Production I.G,2010,2,9,False,88.0,standart
Japan,Naoyoshi Shiotani,Production I.G,2020,3,27,False,137.0,long
Japan,Jun Nakagawa,Geek Toys,2020,11,13,True,29.0,short
China,Hui Yan Chen,,2025,7,26,False,96.0,long
Japan,Hiromitsu Kanazawa,GoHands,2017,7,21,False,60.0,standart
Australia,Jo Boag,SLR Productions,2019,11,14,True,83.0,standart
Japan,Tomohiko Ito,A-1 Pictures,2017,2,18,False,120.0,long
Japan,Tatsuyuki Nagai,A-1 Pictures,2015,9,19,False,119.0,long
Japan,Kunihiko Yuyama,"OLM, Inc.",2011,7,16,False,92.0,long
France,"David Alaux, Éric Tosti",TAT Productions,2012,1,1,False,71.0,standart
Norway,Will Ashurst,Felleskjø Kristiansand Dyrepark Qvisten Animation,2023,3,3,False,70.0,standart
Japan,Shun Enokido Takahito Sakazume,A-1 Pictures,2023,7,2,False,55.0,standart
Japan,Mankyū,Seven Arcs,2025,7,18,False,90.0,standart
China,Ding Shi,Its Cartoon Animation Studio,2018,2,2,False,75.0,standart
Japan,Hirotsugu Kawasaki,Studio Pierrot,2011,4,29,False,98.0,long
Belgium Netherlands,Joost Van Den Bosch Erik Verkerk,The Film Kitchen,2019,2,27,False,82.0,standart
Japan,Kazuo Sakai,Sunrise,2019,1,4,False,100.0,long
Italy,Sergio Manfio,Gruppo Alcuni Srl,2010,1,22,False,94.0,long
Japan,Masakazu Hashimoto,Shin-Ei Animation,2022,4,22,False,100.0,long
Hungary,Csaba Máli Zsolt Pálfi,Cinemon Entertainment,2025,4,17,False,82.0,standart
Japan,,Anime International Company,2014,6,7,False,93.0,long
Bangladesh,Rubens Rahman Rubayet Mahmud,Information and Communication Technology Division,2023,10,18,False,26.0,short
South Korea,Unknown,CJ ENM,2018,8,7,False,103.0,long
Japan,Junji Shimizu,Toei Animation,2021,10,23,False,70.0,standart
Japan,Kōbun Shizuno,Honoo Studio Gooneys,2025,8,22,False,91.0,long
Japan,Tensho,Studio Gokumi AXsiZ,2016,11,12,True,50.0,standart
United States Spain Italy,Néstor F. Dennis,Méliès Producciones,2024,1,12,False,87.0,standart
Japan,Toshiyuki Kubooka,Studio 4°C,2012,2,4,False,77.0,standart
Japan,Yūji Yamaguchi,Studio Deen,2010,1,23,False,107.0,long
Japan,Fūga Yamashiro,Science Saru,2024,8,31,False,75.0,standart
United States,Darin McGowan,Nickelodeon Animation Studio,2025,11,21,True,81.0,standart
Japan,Naoyoshi Shiotani,Production I.G,2012,6,2,False,110.0,long
Japan,Bob Shirohata,Studio Deen,2010,6,5,False,61.0,standart
Japan,Kazuaki Imai,Toho,2018,3,3,False,108.0,long
United States,Chris Palmer,Warner Bros. Animation DC Entertainment,2021,7,27,False,1.0,short
Japan,Shunsuke Ishikawa,Eight Bit,2024,4,19,False,91.0,long
United States,Dave Needham,Nickelodeon Movies Netflix,2025,3,7,False,87.0,standart
Turkey,Ismail Fidan,TRT ISF Studios,2024,12,27,True,84.0,standart
Japan,Sōichi Masui,CloverWorks,2023,12,1,True,75.0,standart
China Japan,Kawamura Tomohiro,Benesse,2019,6,1,False,80.0,standart
Japan,Kenji Kodama,Sunrise,2019,2,8,False,95.0,long
United States,Craig Bartlett,The Jim Henson Company,2021,4,12,False,85.0,standart
United States Australia,Robert Marianetti David Wachtenheim Robert Smigel,Netflix Animation Happy Madison Productions Animal Logic,2023,11,21,True,102.0,long
China,Lu Dexinag,Shenzhen GDC Entertainment Co Ltd.,2020,1,17,False,,
Turkey,H. Sinan Güngör Ibrahim Turali Halil Öztürk,Outline Animation and Games,2024,10,25,False,75.0,standart
Iceland Germany Ireland,"Óskar Jónasson, Toby Genkel, Gunnar Karlsson","CAOZ, Ulysses , Magma Films",2011,10,14,False,79.0,standart
Japan,Junji Shimizu,Toei Animation,2017,10,27,False,95.0,long
China,Xiaogang Wu,SMG Pictures,2019,9,27,False,85.0,standart
Russia,Vladimir Toropchin,Melnitsa Animation Studio [1],2017,4,20,False,75.0,standart
Mexico,Alberto Rodriguez,Videocine / Anima Studios,2011,10,21,False,75.0,standart
Japan,Katsuya Shigehara,TMS Entertainment,2025,4,18,False,110.0,long
Netherlands,Joost van den Boshe Erik Verkerk,Ka-Ching Cartoons,2024,6,19,False,62.0,standart
Japan,TBA,Shaft,2018,11,10,True,148.0,long
Sri Lanka,Chanaka Perera,Studio 101,2023,1,20,False,99.0,long
United States,Sam Liu,"Warner Bros. Animation , DC Entertainment",2011,2,22,False,78.0,standart
Japan,Munenori Nawa,Studio Gokumi AXsiZ,2021,8,20,False,82.0,standart
United States,Jeff Wamester,Warner Bros. Animation DC Entertainment,2021,4,27,False,84.0,standart
Canada,Dominique Jolin Reymond Lebrun,Corus Entertainment Echo Media,2023,8,11,False,80.0,standart
United States,Tom Owens,Big Idea Productions,2014,10,14,False,57.0,standart
Japan,Shinobu Sasaki,Shin-Ei Animation,2024,8,9,False,106.0,long
Japan,Junichi Fujisaku,"Production I.G , TransArts",2010,8,28,False,99.0,long
United Kingdom,"Wip Vernooij, Morgan Francis",Mind Candy,2013,12,20,True,81.0,standart
United States,Mike Nawrocki,Big Idea Productions,2011,3,8,False,47.0,standart
Italy,Simona Cornacchia Anna Russo,Genoma Films,2024,1,25,False,75.0,standart
Japan,Noriyuki Abe,Studio Pierrot,2010,12,4,True,94.0,long
United States,Brian Roberts,Big Idea Productions,2013,3,5,False,48.0,standart
Japan,Masayuki Miyaji,,2012,10,20,False,110.0,long
Saudi Arabia,Malik Nejer,Myrkott Animation Studio,2020,1,9,False,110.0,long
China,Huang Weiming Huang Junming Chen Lijin,Alpha Group Creative Power Entertaining Shanghai Tao Piao Piao Movie and TV Culture Zhejiang Dong Yang Microcosmic Pictures Youku Information Technology (Beijing) Guangdong Mingxing Chuangyi Cartoon Universe Century Film Distribution Beijing Weimeng Chuangke Network Technology,2022,2,1,False,94.0,long
Malaysia,Nizam Razak,Animonsta Studios,2025,12,1,True,,
Japan,Mamoru Hosoda,Studio Chizu,2015,7,11,False,120.0,long
United States,"Steve Martino , Mike Thurmeier",20th Century Fox / 20th Century Fox Animation / Blue Sky Studios,2012,7,13,False,88.0,standart
United States,Matt Peters,Warner Bros. Animation DC Entertainment,2021,10,19,False,78.0,standart
Bulgaria,Nedelcho Bogdanov,,2014,11,28,True,73.0,standart
Japan,"Shigeharu Takahashi [ ja ] , Shinji Ushiro [ ja ]","OLM, Inc.",2015,12,19,True,94.0,long
South Korea,Hyunho Kim,,2014,12,11,True,35.0,short
Japan,Kobun Shizuno Hiroyuki Seshita,Polygon Pictures,2017,11,17,True,88.0,standart
Canada,Kevin Hanna,"Luximation, Arcana Studio , Legacy Filmworks",2014,1,12,False,85.0,standart
Japan,Tomonori Sudō,Ufotable,2019,1,12,False,117.0,long
France,David Alaux Éric Tosti,TAT Production,2011,12,31,True,58.0,standart
Japan,Takayuki Hamana,Seven Arcs,2017,7,22,False,111.0,long
Japan,Yasuomi Umetsu,Shaft,2025,6,27,False,35.0,short
United States,Genndy Tartakovsky,Sony Pictures Animation,2015,9,25,False,89.0,standart
Japan,Takaharu Ozaki,Asahi Production,2020,10,30,False,,
Japan,Yūichirō Yano,"Sunrise , Bandai , Toei Company",2014,12,13,True,88.0,standart
Germany,"Ansgar Niebuhr, Hubert Weiland","Caligari Film, WunderWerk",2011,9,1,False,72.0,standart
United States,Joe Murray,Netflix Nickelodeon Animation Studio,2019,8,9,False,45.0,short
China,Jianrong Zhuo,"Bluemtv, G-Point",2015,7,4,False,85.0,standart
Denmark,Craig Frank,Miso Film,2011,8,10,False,90.0,standart
United States,Frank Sudol,BlackArro Productions,2022,5,24,False,89.0,standart
South Korea,Jae-hoon Ahn,Meditation With a Pencil EBS,2017,8,31,False,48.0,standart
United States,Darrell Van Citters,Renegade Animation,2011,11,1,True,41.0,short
Japan,Toshikazu Hashimoto,Anpanman Production Committee TMS Entertainment,2023,6,30,False,64.0,standart
Japan,Noriyuki Abe,A-1 Pictures,2017,1,21,False,100.0,long
Japan,,Seven Arcs,2012,7,14,False,150.0,long
Australia,Mark Gravas,Pop Family Entertainment Telegael,2024,10,31,False,86.0,standart
United States,Mark Brooks,"Titmouse, Inc. Williams Street",2013,10,27,False,47.0,standart
Japan,Yōichi Fujita,Pierrot,2019,3,15,False,108.0,long
Germany,Irina Probost,,2011,3,10,False,65.0,standart
United States Japan,Fumihiko Sori,"Funimation Entertainment , Oxybot",2012,2,11,False,90.0,standart
United States,Brent Dawes Phil Cunningham,2521 Entertainment Slingshot Productions Sunrise Animation Studios,2025,12,19,True,115.0,long
China,Mingze Xia Kai Yan,Beijing Enlight Pictures,2023,7,14,False,91.0,long
Philippines,Frederick C.G. Borromeo,Studio Moonchalk,2023,1,23,False,47.0,standart
Japan,Tomonori Sudou,Ufotable,2013,9,28,False,32.0,short
Japan,Gorō Taniguchi,Polygon Pictures,2024,1,5,False,87.0,standart
South Korea,"Kim, Min-sung",Iconix Entertainment EBS Kl Studio Gale,2016,1,21,False,47.0,standart
Colombia Brazil,Diego Felipe Guzmán,RTVC Play Hierro Animación Estúdio GIZ Dinamita Animación,2022,1,1,False,99.0,long
Japan,Hiroyuki Yano,Anpanman Production Committee TMS Entertainment,2012,7,7,False,46.0,standart
Japan,Ryoutarou Makihara,Wit Studio,2015,10,2,False,126.0,long
China,Ceng Xian-Lin,,2011,10,1,False,87.0,standart
Brazil,Guilherme Fiúza Zenha,Immagini Animation Studios Pixel Produções Ciclus Produções Solo Filmes,2023,1,19,False,80.0,standart
United States Canada,Steve Daye,Mainframe Studios Mattel Television [ 23 ],2023,3,16,False,60.0,standart
Japan,Naoyuki Tatsuwa,CloverWorks,2021,10,9,False,78.0,standart
United States,Doug Murphy,Universal Animation Studios Imagine Entertainment Universal 1440 Entertainment,2021,9,30,False,90.0,standart
Canada United States,Cory Edwards,Vanguard Animation 3QU Media Netflix,2020,8,14,False,89.0,standart
United States,Jeff Wamester,Warner Bros. Animation DC Studios,2024,7,16,False,98.0,long
United States,Conrad Helten,Mattel Entertainment,2022,10,25,False,65.0,standart
Japan,Masaki Tachibana,Actas,2023,4,7,False,60.0,standart
Japan,Junichi Sato Tomotaka Shibayama,Studio Colorido,2020,6,18,False,104.0,long
Pakistan,Uzair Zaheer Khan,3rd World Studios,2023,6,28,False,90.0,standart
United States,Sam Liu,Warner Bros. Animation DC Entertainment,2021,1,12,False,83.0,standart
Thailand,Nitipat Somsaman Phanlop Sincharoen Saksiri Koshpasharin,Dr.Head Imagimax Studio The Monk Studios Workpoint Picture,2015,12,6,True,101.0,long
Canada,Conrad Helten,Mattel,2020,9,1,False,72.0,standart
United States,Ethan Spaulding,Warner Bros. Animation,2023,10,17,False,76.0,standart
France,"Rémi Bezançon, Jean-Christophe Lie",Prima Linea Productions,2012,2,8,False,78.0,standart
Japan,Ryôta Nakamura,Toei Animation,2021,3,20,False,70.0,standart
China,Ben Zhao,,2015,8,14,False,78.0,standart
United States,Conrad Vernon Greg Tiernan [ 1 ],Metro-Goldwyn-Mayer United Artists Releasing,2021,10,1,False,93.0,long
China,Lin Huida,FantaWild Animation,2024,2,10,False,105.0,long
Spain,Enrique Gato,"Lightbox Entertainment, Telecinco Cinema, Telefónica Studios",2015,8,25,False,94.0,long
Japan,Masakazu Hashimoto,Shin-Ei Animation TV Asahi ADK Futabasha,2015,4,18,False,104.0,long
United States,Sam Liu Justin Copeland,Warner Bros. Animation DC Entertainment,2019,10,5,False,79.0,standart
Japan,Genshō Yasuda,Yasuda Gensho Studio by Xenotoon,2025,1,31,False,90.0,standart
Ireland,Damien O'Connor,Brown Bag Films,2020,12,1,True,47.0,standart
United States,Cecilia Aranovich,Warner Bros. Animation,2021,9,14,False,78.0,standart
Japan,Takaharu Ozaki,Asahi Production,2020,10,16,False,,
Japan,Takumi Doyama,Shin-Ei Animation,2023,3,3,False,107.0,long
Japan,Tomoya Takahashi,Studio Deen,2020,2,21,False,21.0,short
South Korea,,CJ ENM Studio BAZOOKA,2025,12,1,True,,
Japan,Fūga Yamashiro Abel Góngora,Science Saru,2025,5,30,False,93.0,long
Japan,Hayao Miyazaki,Studio Ghibli,2023,7,14,False,124.0,long
Japan,Masakazu Hishida,Tatsunoko Production,2016,1,9,False,60.0,standart
Russia,Fedor Dmitriev,"CTB Film Company, Melnitsa Animation Studio",2015,10,29,False,76.0,standart
China,Jiang Yefeng,,2018,12,30,True,85.0,standart
Norway,Mikkel Brænne Sandemose,Beside Productions Maipo Film Vivi Film,2024,12,25,True,85.0,standart
China,Xiaopeng Tian,"Beijing Weiyingshidai Culture & Media, Hengdian Chinese Film Production Co., October Media, S&C Pictures",2015,7,10,False,90.0,standart
Russia,"Inna Evlannikova , Aleksander Khramtsov",KinoAtis,2014,2,6,False,90.0,standart
Russia,Vitaly Mukhametzianov,InlayFilm CTB Film Company,2018,5,24,False,81.0,standart
United States,Kirk Wise,Universal Pictures Home Entertainment,2020,12,8,True,82.0,standart
United States,Mucci Fassett,Silver Creek Falls Entertainment Universal Pictures Home Entertainment,2023,7,20,False,85.0,standart
Russia,Darina Schmidt Konstantin Feoktistov,Melnitsa Animation Studio,2019,12,26,True,88.0,standart
United States,Craig George,,2014,3,4,False,34.0,short
Latvia Estonia,Heiki Ernits Janno Põldma,Eesti Joonisfilm Rija Films,2019,1,4,False,78.0,standart
Japan,Akira Amemiya,Toho Animation Studio Trigger,2023,3,24,False,118.0,long
South Korea United States,Kyung Ho Lee Wonjae Lee,Momentum Pictures Digiart Productions Digital Idea,2016,3,3,False,82.0,standart
Japan,Tsutomu Mizushima,Actas,2021,3,26,False,48.0,standart
Japan,Jun Kawagoe,Anpanman Production Committee TMS Entertainment,2024,6,28,False,64.0,standart
United States,Mike Nawrocki,Big Idea Productions,2010,7,31,False,50.0,standart
Sweden,"Christian Ryltenius, Maria Blom",SF Studios,2018,12,21,True,65.0,standart
China,He Cheng,"Zhong Yang Television Station, Yang Shi Dong Hua",2014,9,26,False,87.0,standart
United States,Man of Action,Cartoon Network Studios,2020,10,10,False,72.0,standart
China,Wang Yunfei,"Jiangsu Youman Cartoon TV Beijing Qixinran Entertainment Cheers Tone Beijing Qi Cartoon Animation, [ 214 ] Eastern Mordor Sihai Distribution Association Beijing Weiying Shidai Technology Gewara Tao Piao Piao Tianjin Huayi Brothers Blockbuster Films [ 214 ]",2016,7,29,False,82.0,standart
United States,James Cullen Bressack,The Asylum,2017,6,6,False,96.0,long
Brazil,Andrés Lieban,O2 Play 2DLab,2022,5,12,False,76.0,standart
United States,Brian Roberts,Big Idea Productions,2011,10,4,False,45.0,short
United States,Ron Myrick,Chris D'Angelo Productions LeapFrog Lionsgate,2013,1,1,False,68.0,standart
Russia,Denis Chernov,Petersburg Animation Studio,2016,3,17,False,80.0,standart
Japan,Hajime Kamegaki,TMS Entertainment,2013,12,7,True,107.0,long
Japan,Mankyū,Shin-Ei Animation,2024,11,29,True,69.0,standart
United States,Kelly Asbury [ 199 ],STX Entertainment,2019,5,3,False,87.0,standart
Germany,"Jan Stoltz, Hubert Weiland","Caligari Film, Universum Film",2018,8,30,False,73.0,standart
China,Chengfeng Zheng,Beijing Fengshang Ruizhi Media Co.,2015,9,3,False,81.0,standart
Japan,Tatsuya Yoshihara,MAPPA,2025,9,19,False,100.0,long
Japan,Harutoshi Fukui Naomichi Yamato,Studio Mother,2024,7,19,False,50.0,standart
Finland Poland,Ira Carpelan Jakub Wronski,Filmcompaniet,2017,12,1,True,82.0,standart
China,"Shengjun Yu, Xuegang Shi, Song Qing, Yi Shi",Shanghai Film Group Shanghai Animation Film Studio Fengwei (Shanghai) Entertainment Beijing Weiying Shidai Technology [ 21 ],2015,8,7,False,83.0,standart
Japan,Kenichi Takeshita,"Nihon Ad Systems, TV Tokyo",2010,1,23,False,50.0,standart
South Korea,Yoon Je-wan Seunghoon Kang,OCON Studios,2022,7,28,False,70.0,standart
China,Gu Zhibin Lu Jinming,WinSing,2014,5,31,False,88.0,standart
China,Yu Shen,Shenzhen GDC,2018,6,1,False,75.0,standart
Japan,,,2016,8,13,False,59.0,standart
United States,Sam Liu,"Marvel Animation / MLG Productions 7, Inc. / Lionsgate Home Entertainment",2011,5,17,False,77.0,standart
Russia,Artyom Lukichev,Karo Premiere,2018,1,1,False,75.0,standart
Japan,Tetsurō Amino,Tatsunoko Pro,2010,7,31,False,101.0,long
France,"Alexandre Astier, Louis Clichy","SND, Mikros Image",2018,12,5,True,87.0,standart
Japan,Atsushi Takahashi,A-1 Pictures,2012,12,28,True,90.0,standart
Japan,Yousuke Kabashima,Studio Kai,2024,11,8,True,82.0,standart
Russia,Vladimir Toropchin,Melnitsa Animation Studio,2013,12,26,True,73.0,standart
Brazil,Célia Catunda and Kiko Mistrorig,TV PinGuim,2012,11,9,True,95.0,long
Japan,Kunihiko Yuyama,"OLM, Inc.",2013,7,13,False,72.0,standart
United States,Ron Myrick,Chris D'Angelo Productions LeapFrog Lionsgate,2013,1,22,False,35.0,short
Japan,Osamu Nabeshima,TMS/8PAN,2014,9,19,False,90.0,standart
United States,Mike Judge,"MTV Entertainment Group Titmouse, Inc. 3 Arts Entertainment Judgemental Films",2022,6,23,False,87.0,standart
United States,Elaine Bogan Ennio Torresan,Universal Studios DreamWorks Animation,2021,6,4,False,85.0,standart
Japan,Masakazu Hishida,Tatsunoko Production,2015,3,7,False,90.0,standart
China,Liang Ding Huida Lin,Tianjiin Lechuang Pictures Fantawild Pictures,2019,2,5,False,90.0,standart
Japan,Shinto Suzuki,GoHands,2014,7,12,False,73.0,standart
Japan,Keiichi Hara,Sunrise,2010,8,21,False,127.0,long
Japan,Jun Matsumoto,Tatsunoko Production Digital Frontier,2018,2,24,False,90.0,standart
Japan,Shinnosuke Yakuwa,Shin-Ei Animation,2014,3,8,False,109.0,long
France,Joann Sfar Antoine Delesvaux,Autochenille Production,2011,6,1,False,80.0,standart
Japan,Keitaro Motonaga,Toei Animation,2016,9,24,False,101.0,long
United States,Harry Cason Michael Schelp,,2012,10,8,False,80.0,standart
Mexico,Alberto Rodriguez,Ánima Estudios,2018,1,19,False,85.0,standart
United States,Mucci Fassett,MGA Entertainment,2013,10,8,False,61.0,standart
China,Wei Liu,Mili Pictures,2015,7,4,False,80.0,standart
Argentina Peru,David Bisbano,Red Post Studio National Institute of Cinema and Audiovisual Arts Vista Sur Films S.r.l.,2012,10,11,False,87.0,standart
Japan,Hiroyuki Yano,"Anpanman Production Committee, TMS Entertainment",2018,6,30,False,62.0,standart
United States,Joel Crawford,Universal Pictures DreamWorks Animation,2020,11,25,True,95.0,long
Indonesia,Larry Whitaker,MNC Pictures MNC Animation,2025,1,2,False,94.0,long
France,Michel Ocelot,Les Armateurs,2012,10,3,False,89.0,standart
Russia,Yuri Kulakov,Vverh Animation Studio,2017,1,1,False,85.0,standart
China,Sing-Choong Foo,Beijing Dedao Education Investment Beijing Duobaoshu Entertainment Hongkong Longzai Nali Caihong Engineering [ 21 ] 北京星美影视发行有限公司 [ 21 ],2015,10,23,False,97.0,long
China,"Hugues Martel, Dongbiao Cao",Tencent Pictures Jiangsu Youman Cartoon TV Beijing Enlight Pictures More Fun Studio Wepiao [ 21 ] Dianping.com [ 21 ],2015,8,13,False,83.0,standart
Japan,Ayako Kawano,A-1 Pictures,2021,10,30,False,97.0,long
Japan,Tatsuyuki Nagai,CloverWorks,2024,10,4,False,107.0,long
Denmark,Karsten Kiilerich,A film,2018,2,8,False,81.0,standart
Japan,Chiaki Kon,Studio Deen,2014,3,15,False,50.0,standart
Japan,Tomoka Nagaoka,TMS Entertainment,2021,4,16,False,110.0,long
United States,Anna Chi Mark A.Z. Dippé Wonjae Lee,"Blueberry Pictures, Legacy Classics Family Entertainment",2018,5,8,False,81.0,standart
China,Zhao Ji,Light Chaser Animation Studios Bilibili,2022,8,19,False,116.0,long
Japan,Tetsuo Yajima,OLM Wit Studio,2018,7,13,False,100.0,long
United States,Brian Roberts,Big Idea Productions,2011,8,13,False,49.0,standart
Japan United States,"Frank O'Connor, Joseph Chou","Studio 4°C , Production I.G , Casio Entertainment, Toei Animation , Bones",2010,2,16,False,120.0,long
China,Wang Wei,,2016,1,24,False,81.0,standart
United States,Gun Ho Jung,PlayStation Originals,2014,9,2,False,85.0,standart
United States,Broni Likomanov,Disney Television Animation,2021,12,2,True,46.0,standart
United States,Don Hall Carlos Lopez Estrada,Walt Disney Animation Studios,2021,3,5,False,107.0,long
Japan,Masaki Tachibana,Actas,2025,5,23,False,59.0,standart
Japan,Junichi Sato (Chief) Takahiro Natori,J.C.Staff,2021,12,3,True,60.0,standart
Italy,Francesco Dafano Luca della Grotta,Al One S.r.l.,2020,10,16,False,88.0,standart
Japan,Gorō Taniguchi,Sunrise,2017,10,21,False,135.0,long
China,Wang Zhangjun Yin Yuqi,,2014,7,10,False,86.0,standart
Japan,Taichi Ishidate,Kyoto Animation,2020,9,18,False,140.0,long
Japan,Yasushi Kawamura,Digital Frontier,2016,10,14,False,96.0,long
Japan,Kobun Shizuno,TMS Entertainment,2012,4,14,False,110.0,long
China,Wang Yunfei,,2012,8,10,False,87.0,standart
Japan,Shinya Watada,,2015,8,23,False,56.0,standart
China,,,2013,5,31,False,83.0,standart
Japan,Takuya Satō,Liden Films Kyoto Studio,2020,10,23,False,54.0,standart
United States,Dave Kim,"Anchor Bay, Portsmouth Pictures, Cinepix Animation",2011,11,15,True,84.0,standart
United Kingdom,Segun Williams,Transtales Entertainment,2016,2,14,False,94.0,long
Japan,Yasuichiro Yamamoto,TMS Entertainment,2010,4,17,False,102.0,long
Japan,Hiroshi Watanabe,Studio Deen,2015,7,18,False,60.0,standart
China,Zeng Xianlin,,2019,1,18,False,88.0,standart
China,Lin Huida,Fantawild Animation,2022,2,1,False,99.0,long
Russia,Victor Lakeshow,Asymmetric VFX Studio ROME Animation & Film Studio,2016,2,14,False,81.0,standart
Japan,Tatsuro Kawano,Studio Colorido,2020,10,2,False,63.0,standart
Norway,Are Austnes Yaprak Morali Rasmus A. Sivertsen,Qvisten Animation,2025,2,7,False,77.0,standart
South Korea,Park Hong-geun,CJ ENM Co. Studio BAZOOKA,2024,8,14,False,77.0,standart
Germany,Ute von Münchow-Pohl [ fr ],Akkord Film Produktion GmbH,2017,3,16,False,76.0,standart
Japan,Naoyoshi Shiotani,Production I.G,2015,1,9,False,113.0,long
United States,Frank Gladstone,Exodus Film Group Toonz Animation India,2014,10,3,False,77.0,standart
China,Chengfeng Zheng Yang Li,"Huaxia Film Distribution Co., Ltd Beijing Yingshikong Media Co., Ltd",2018,6,1,False,,
United States,Karen J. Lloyd,Universal Studios Arc Productions Rainmaker Studios,2014,8,7,False,81.0,standart
China,Yuefeng Song,Beijing Enlight Pictures,2016,8,19,False,104.0,long
United States,Larry Kasanoff,Threshold Entertainment,2012,6,15,False,87.0,standart
Japan,"Tatsuya Ishihara , Yasuhiro Takemoto",Kyoto Animation,2010,2,6,False,162.0,epic
United States,"Chris Renaud , Kyle Balda",Illumination Entertainment,2012,3,2,False,86.0,standart
Japan,Hiromasa Yonebayashi,Studio Ponoc,2017,7,8,False,103.0,long
France Germany Belgium United Kingdom,Piet De Rycker [ fr ],Animationsfabrik Red Kite Animations Studio 100 Witebox,2019,3,28,False,78.0,standart
Germany,Maya Gräfin Rothkirch Til Schweiger,,2013,9,26,False,75.0,standart
Japan,Seiji Mizushima Shinya Watada,Bandai Namco Pictures,2021,12,3,True,109.0,long
Japan,Masakazu Hashimoto [ fr ; ja ; ko ; zh ],Shin-Ei Animation,2013,4,20,False,96.0,long
Japan,Gorō Miyazaki,Studio Ghibli,2011,7,16,False,92.0,long
India,P. K. Aghasthi,Shellammal Movie Makers,2023,10,13,False,106.0,long
Russia,Konstantin Bronzit,Melnitsa Animation Studio,2018,12,27,True,81.0,standart
United States,Scott Pleydell-Pearce,Mattel Entertainment,2021,9,1,False,60.0,standart
United States,William Lau,Universal Studios Arc Productions Rainmaker Studios,2013,8,27,False,75.0,standart
Bhutan,Karma Dhendup,Athang Animation Studio,2014,9,1,False,53.0,standart
Japan,Sôichi Masui,Shin-Ei Animation,2011,4,16,False,107.0,long
Pakistan,Aziz Jindani,Talisman Studios,2018,10,13,False,105.0,long
Japan,"Takahiro Omori, Hideaki Itō",Shuka,2018,9,29,False,104.0,long
Japan,Takaharu Ozaki,White Fox,2020,2,1,False,85.0,standart
Netherlands,Patrick Raats,TDMP Dreamchaser Europe Source Investments KRO-NCRV Il Luster Productions Anikey Studios,2016,1,20,False,70.0,standart
Bangladesh,Sohel Mohammad Rana,Prolancer Studio BMIT Solutions,2021,10,1,False,49.0,standart
Canada Norway,Kevin Munroe,Sagatoon,2018,12,25,True,91.0,long
